V-GENE and allele;1;2;3;4;5;6;7;8;9;10;11;12;13;14;15;16;17;18;19;20;21;22;23;24;25;26;27;28;29;30;31;32;33;34;35;36;37;38;39;40;41;42;43;44;45;46;47;48;49;50;51;52;53;54;55;56;57;58;59;60;61;62;63;64;65;66;67;68;69;70;71;72;73;74;75;76;77;78;79;80;81;82;83;84;85;86;87;88;89;90;91;92;93;94;95;96;97;98;99;100;101;102;103;104;105;106;
Homsap IGHV1-18*01 F;Q;V;Q;L;V;Q;S;G;A;.;E;V;K;K;P;G;A;S;V;K;V;S;C;K;A;S;G;Y;T;F;.;.;.;.;T;S;Y;G;I;S;W;V;R;Q;A;P;G;Q;G;L;E;W;M;G;W;I;S;A;Y;.;.;N;G;N;T;N;Y;A;Q;K;L;Q;.;G;R;V;T;M;T;T;D;T;S;T;S;T;A;Y;M;E;L;R;S;L;R;S;D;D;T;A;V;Y;Y;C;A;R;
Homsap IGHV1-18*02 F;Q;V;Q;L;V;Q;S;G;A;.;E;V;K;K;P;G;A;S;V;K;V;S;C;K;A;S;G;Y;T;F;.;.;.;.;T;S;Y;G;I;S;W;V;R;Q;A;P;G;Q;G;L;E;W;M;G;W;I;S;A;Y;.;.;N;G;N;T;N;Y;A;Q;K;L;Q;.;G;R;V;T;M;T;T;D;T;S;T;S;T;A;Y;M;E;L;R;S;L;R;S;D;D;T;A;;;;;;;
Homsap IGHV1-18*03 F;Q;V;Q;L;V;Q;S;G;A;.;E;V;K;K;P;G;A;S;V;K;V;S;C;K;A;S;G;Y;T;F;.;.;.;.;T;S;Y;G;I;S;W;V;R;Q;A;P;G;Q;G;L;E;W;M;G;W;I;S;A;Y;.;.;N;G;N;T;N;Y;A;Q;K;L;Q;.;G;R;V;T;M;T;T;D;T;S;T;S;T;A;Y;M;E;L;R;S;L;R;S;D;D;M;A;V;Y;Y;C;A;R;
Homsap IGHV1-18*04 F;Q;V;Q;L;V;Q;S;G;A;.;E;V;K;K;P;G;A;S;V;K;V;S;C;K;A;S;G;Y;T;F;.;.;.;.;T;S;Y;G;I;S;W;V;R;Q;A;P;G;Q;G;L;E;W;M;G;W;I;S;A;Y;.;.;N;G;N;T;N;Y;A;Q;K;L;Q;.;G;R;V;T;M;T;T;D;T;S;T;S;T;A;Y;M;E;L;R;S;L;R;S;D;D;T;A;V;Y;Y;C;A;R;
Homsap IGHV1-2*01 F;Q;V;Q;L;V;Q;S;G;A;.;E;V;K;K;P;G;A;S;V;K;V;S;C;K;A;S;G;Y;T;F;.;.;.;.;T;G;Y;Y;M;H;W;V;R;Q;A;P;G;Q;G;L;E;W;M;G;R;I;N;P;N;.;.;S;G;G;T;N;Y;A;Q;K;F;Q;.;G;R;V;T;S;T;R;D;T;S;I;S;T;A;Y;M;E;L;S;R;L;R;S;D;D;T;V;V;Y;Y;C;A;R;
Homsap IGHV1-2*02 F;Q;V;Q;L;V;Q;S;G;A;.;E;V;K;K;P;G;A;S;V;K;V;S;C;K;A;S;G;Y;T;F;.;.;.;.;T;G;Y;Y;M;H;W;V;R;Q;A;P;G;Q;G;L;E;W;M;G;W;I;N;P;N;.;.;S;G;G;T;N;Y;A;Q;K;F;Q;.;G;R;V;T;M;T;R;D;T;S;I;S;T;A;Y;M;E;L;S;R;L;R;S;D;D;T;A;V;Y;Y;C;A;R;
Homsap IGHV1-2*03 F;Q;V;Q;L;V;Q;S;G;A;.;E;V;K;K;L;G;A;S;V;K;V;S;C;K;A;S;G;Y;T;F;.;.;.;.;T;G;Y;Y;M;H;W;V;X;Q;A;P;G;Q;G;L;E;W;M;G;W;I;N;P;N;.;.;S;G;G;T;N;Y;A;Q;K;F;Q;.;G;R;V;T;M;T;R;D;T;S;I;S;T;A;Y;M;E;L;S;R;L;R;S;D;D;T;A;V;Y;Y;C;A;R;
Homsap IGHV1-2*04 F;Q;V;Q;L;V;Q;S;G;A;.;E;V;K;K;P;G;A;S;V;K;V;S;C;K;A;S;G;Y;T;F;.;.;.;.;T;G;Y;Y;M;H;W;V;R;Q;A;P;G;Q;G;L;E;W;M;G;W;I;N;P;N;.;.;S;G;G;T;N;Y;A;Q;K;F;Q;.;G;W;V;T;M;T;R;D;T;S;I;S;T;A;Y;M;E;L;S;R;L;R;S;D;D;T;A;V;Y;Y;C;A;R;
Homsap IGHV1-2*05 F;Q;V;Q;L;V;Q;S;G;A;.;E;V;K;K;P;G;A;S;V;K;V;S;C;K;A;S;G;Y;T;F;.;.;.;.;T;G;Y;Y;M;H;W;V;R;Q;A;P;G;Q;G;L;E;W;M;G;R;I;N;P;N;.;.;S;G;G;T;N;Y;A;Q;K;F;Q;.;G;R;V;T;M;T;R;D;T;S;I;S;T;A;Y;M;E;L;S;R;L;R;S;D;D;T;V;V;Y;Y;C;A;R;
Homsap IGHV1-24*01 F;Q;V;Q;L;V;Q;S;G;A;.;E;V;K;K;P;G;A;S;V;K;V;S;C;K;V;S;G;Y;T;L;.;.;.;.;T;E;L;S;M;H;W;V;R;Q;A;P;G;K;G;L;E;W;M;G;G;F;D;P;E;.;.;D;G;E;T;I;Y;A;Q;K;F;Q;.;G;R;V;T;M;T;E;D;T;S;T;D;T;A;Y;M;E;L;S;S;L;R;S;E;D;T;A;V;Y;Y;C;A;T;
Homsap IGHV1-3*01 F;Q;V;Q;L;V;Q;S;G;A;.;E;V;K;K;P;G;A;S;V;K;V;S;C;K;A;S;G;Y;T;F;.;.;.;.;T;S;Y;A;M;H;W;V;R;Q;A;P;G;Q;R;L;E;W;M;G;W;I;N;A;G;.;.;N;G;N;T;K;Y;S;Q;K;F;Q;.;G;R;V;T;I;T;R;D;T;S;A;S;T;A;Y;M;E;L;S;S;L;R;S;E;D;T;A;V;Y;Y;C;A;R;
Homsap IGHV1-3*02 F;Q;V;Q;L;V;Q;S;G;A;.;E;V;K;K;P;G;A;S;V;K;V;S;C;K;A;S;G;Y;T;F;.;.;.;.;T;S;Y;A;M;H;W;V;R;Q;A;P;G;Q;R;L;E;W;M;G;W;S;N;A;G;.;.;N;G;N;T;K;Y;S;Q;E;F;Q;.;G;R;V;T;I;T;R;D;T;S;A;S;T;A;Y;M;E;L;S;S;L;R;S;E;D;M;A;V;Y;Y;C;A;R;
Homsap IGHV1-38-4*01 ORF;Q;V;Q;L;V;Q;S;W;A;.;E;V;R;K;S;G;A;S;V;K;V;S;C;S;F;S;G;F;T;I;.;.;.;.;T;S;Y;G;I;H;W;V;Q;Q;S;P;G;Q;G;L;E;W;M;G;W;I;N;P;G;.;.;N;G;S;P;S;Y;A;K;K;F;Q;.;G;R;F;T;M;T;R;D;M;S;T;T;T;A;Y;T;D;L;S;S;L;T;S;E;D;M;A;V;Y;Y;Y;A;R;
Homsap IGHV1-45*01 F;Q;M;Q;L;V;Q;S;G;A;.;E;V;K;K;T;G;S;S;V;K;V;S;C;K;A;S;G;Y;T;F;.;.;.;.;T;Y;R;Y;L;H;W;V;R;Q;A;P;G;Q;A;L;E;W;M;G;W;I;T;P;F;.;.;N;G;N;T;N;Y;A;Q;K;F;Q;.;D;R;V;T;I;T;R;D;R;S;M;S;T;A;Y;M;E;L;S;S;L;R;S;E;D;T;A;M;Y;Y;C;A;R;
Homsap IGHV1-45*02 F;Q;M;Q;L;V;Q;S;G;A;.;E;V;K;K;T;G;S;S;V;K;V;S;C;K;A;S;G;Y;T;F;.;.;.;.;T;Y;R;Y;L;H;W;V;R;Q;A;P;G;Q;A;L;E;W;M;G;W;I;T;P;F;.;.;N;G;N;T;N;Y;A;Q;K;F;Q;.;D;R;V;T;I;T;R;D;R;S;M;S;T;A;Y;M;E;L;S;S;L;R;S;E;D;T;A;M;Y;Y;C;A;R;
Homsap IGHV1-45*03 F;.;.;.;.;.;.;.;.;.;.;.;.;.;K;T;G;S;S;V;K;V;S;C;K;A;S;G;Y;T;F;.;.;.;.;T;Y;R;Y;L;H;W;V;R;Q;A;P;R;Q;A;L;E;W;M;G;W;I;T;P;F;.;.;N;G;N;T;N;Y;A;Q;K;F;Q;.;D;R;V;T;I;T;R;D;R;S;M;S;T;A;Y;M;E;L;S;S;L;R;S;E;D;T;A;M;Y;Y;C;A;R;
Homsap IGHV1-46*01 F, or Homsap IGHV1-46*03 F;Q;V;Q;L;V;Q;S;G;A;.;E;V;K;K;P;G;A;S;V;K;V;S;C;K;A;S;G;Y;T;F;.;.;.;.;T;S;Y;Y;M;H;W;V;R;Q;A;P;G;Q;G;L;E;W;M;G;I;I;N;P;S;.;.;G;G;S;T;S;Y;A;Q;K;F;Q;.;G;R;V;T;M;T;R;D;T;S;T;S;T;V;Y;M;E;L;S;S;L;R;S;E;D;T;A;V;Y;Y;C;A;R;
Homsap IGHV1-46*02 F;Q;V;Q;L;V;Q;S;G;A;.;E;V;K;K;P;G;A;S;V;K;V;S;C;K;A;S;G;Y;T;F;.;.;.;.;N;S;Y;Y;M;H;W;V;R;Q;A;P;G;Q;G;L;E;W;M;G;I;I;N;P;S;.;.;G;G;S;T;S;Y;A;Q;K;F;Q;.;G;R;V;T;M;T;R;D;T;S;T;S;T;V;Y;M;E;L;S;S;L;R;S;E;D;T;A;V;Y;Y;C;A;R;
Homsap IGHV1-46*01 F, or Homsap IGHV1-46*03 F;Q;V;Q;L;V;Q;S;G;A;.;E;V;K;K;P;G;A;S;V;K;V;S;C;K;A;S;G;Y;T;F;.;.;.;.;T;S;Y;Y;M;H;W;V;R;Q;A;P;G;Q;G;L;E;W;M;G;I;I;N;P;S;.;.;G;G;S;T;S;Y;A;Q;K;F;Q;.;G;R;V;T;M;T;R;D;T;S;T;S;T;V;Y;M;E;L;S;S;L;R;S;E;D;T;A;V;Y;Y;C;A;R;
Homsap IGHV1-58*01 F;Q;M;Q;L;V;Q;S;G;P;.;E;V;K;K;P;G;T;S;V;K;V;S;C;K;A;S;G;F;T;F;.;.;.;.;T;S;S;A;V;Q;W;V;R;Q;A;R;G;Q;R;L;E;W;I;G;W;I;V;V;G;.;.;S;G;N;T;N;Y;A;Q;K;F;Q;.;E;R;V;T;I;T;R;D;M;S;T;S;T;A;Y;M;E;L;S;S;L;R;S;E;D;T;A;V;Y;Y;C;A;A;
Homsap IGHV1-58*02 F;Q;M;Q;L;V;Q;S;G;P;.;E;V;K;K;P;G;T;S;V;K;V;S;C;K;A;S;G;F;T;F;.;.;.;.;T;S;S;A;M;Q;W;V;R;Q;A;R;G;Q;R;L;E;W;I;G;W;I;V;V;G;.;.;S;G;N;T;N;Y;A;Q;K;F;Q;.;E;R;V;T;I;T;R;D;M;S;T;S;T;A;Y;M;E;L;S;S;L;R;S;E;D;T;A;V;Y;Y;C;A;A;
Homsap IGHV1-68*01 P;Q;V;Q;L;G;Q;S;E;A;.;E;V;K;K;P;G;A;S;V;K;V;S;C;K;A;S;G;Y;T;F;.;.;.;.;T;C;C;S;L;H;W;L;Q;Q;A;P;G;Q;G;L;E;R;M;R;W;I;T;L;Y;.;.;N;G;N;T;N;Y;A;K;K;F;Q;.;G;R;V;T;I;T;R;D;M;S;L;R;T;A;Y;I;E;L;S;S;L;R;S;E;D;S;A;V;Y;Y;W;A;R;
Homsap IGHV1-69*01 F, or Homsap IGHV1-69D*01 F;Q;V;Q;L;V;Q;S;G;A;.;E;V;K;K;P;G;S;S;V;K;V;S;C;K;A;S;G;G;T;F;.;.;.;.;S;S;Y;A;I;S;W;V;R;Q;A;P;G;Q;G;L;E;W;M;G;G;I;I;P;I;.;.;F;G;T;A;N;Y;A;Q;K;F;Q;.;G;R;V;T;I;T;A;D;E;S;T;S;T;A;Y;M;E;L;S;S;L;R;S;E;D;T;A;V;Y;Y;C;A;R;
Homsap IGHV1-69*02 F;Q;V;Q;L;V;Q;S;G;A;.;E;V;K;K;P;G;S;S;V;K;V;S;C;K;A;S;G;G;T;F;.;.;.;.;S;S;Y;T;I;S;W;V;R;Q;A;P;G;Q;G;L;E;W;M;G;R;I;I;P;I;.;.;L;G;I;A;N;Y;A;Q;K;F;Q;.;G;R;V;T;I;T;A;D;K;S;T;S;T;A;Y;M;E;L;S;S;L;R;S;E;D;T;A;V;Y;Y;C;A;R;
Homsap IGHV1-69*03 F;Q;V;Q;L;V;Q;S;G;A;.;E;V;K;K;P;G;S;S;V;K;V;S;C;K;A;S;G;G;T;F;.;.;.;.;S;S;Y;A;I;S;W;V;R;Q;A;P;G;Q;G;L;E;W;M;G;G;I;I;P;I;.;.;F;G;T;A;N;Y;A;Q;K;F;Q;.;G;R;V;T;I;T;A;D;E;S;T;S;T;A;Y;M;E;L;S;S;L;R;S;D;D;T;;;;;;;;
Homsap IGHV1-69*04 F;Q;V;Q;L;V;Q;S;G;A;.;E;V;K;K;P;G;S;S;V;K;V;S;C;K;A;S;G;G;T;F;.;.;.;.;S;S;Y;A;I;S;W;V;R;Q;A;P;G;Q;G;L;E;W;M;G;R;I;I;P;I;.;.;L;G;I;A;N;Y;A;Q;K;F;Q;.;G;R;V;T;I;T;A;D;K;S;T;S;T;A;Y;M;E;L;S;S;L;R;S;E;D;T;A;V;Y;Y;C;A;R;
Homsap IGHV1-69*05 F;Q;V;Q;L;V;Q;S;G;A;.;E;V;K;K;P;G;S;S;V;K;V;S;C;K;A;S;G;G;T;F;.;.;.;.;S;S;Y;A;I;S;W;V;R;Q;A;P;G;Q;G;L;E;W;M;G;G;I;I;P;I;.;.;F;G;T;A;N;Y;A;Q;K;F;Q;.;G;R;V;T;I;T;T;D;E;S;T;S;T;A;Y;M;E;L;S;S;L;R;S;E;D;T;A;V;Y;Y;C;A;R;
Homsap IGHV1-69*06 F;Q;V;Q;L;V;Q;S;G;A;.;E;V;K;K;P;G;S;S;V;K;V;S;C;K;A;S;G;G;T;F;.;.;.;.;S;S;Y;A;I;S;W;V;R;Q;A;P;G;Q;G;L;E;W;M;G;G;I;I;P;I;.;.;F;G;T;A;N;Y;A;Q;K;F;Q;.;G;R;V;T;I;T;A;D;K;S;T;S;T;A;Y;M;E;L;S;S;L;R;S;E;D;T;A;V;Y;Y;C;A;R;
Homsap IGHV1-69*07 F;.;.;.;.;.;.;.;.;.;.;.;.;.;K;P;G;S;S;V;K;V;S;C;K;A;S;G;G;T;F;.;.;.;.;S;S;Y;A;I;S;W;V;R;Q;A;P;G;Q;G;L;E;W;M;G;R;I;I;P;I;.;.;F;G;T;A;N;Y;A;Q;K;F;Q;.;G;R;V;T;I;T;A;D;E;S;T;S;T;A;Y;M;E;L;S;S;L;R;S;E;;;;;;;;;;
Homsap IGHV1-69*08 F;Q;V;Q;L;V;Q;S;G;A;.;E;V;K;K;P;G;S;S;V;K;V;S;C;K;A;S;G;G;T;F;.;.;.;.;S;S;Y;T;I;S;W;V;R;Q;A;P;G;Q;G;L;E;W;M;G;R;I;I;P;I;.;.;L;G;T;A;N;Y;A;Q;K;F;Q;.;G;R;V;T;I;T;A;D;K;S;T;S;T;A;Y;M;E;L;S;S;L;R;S;E;D;T;A;V;Y;Y;C;A;R;
Homsap IGHV1-69*09 F;Q;V;Q;L;V;Q;S;G;A;.;E;V;K;K;P;G;S;S;V;K;V;S;C;K;A;S;G;G;T;F;.;.;.;.;S;S;Y;A;I;S;W;V;R;Q;A;P;G;Q;G;L;E;W;M;G;R;I;I;P;I;.;.;L;G;I;A;N;Y;A;Q;K;F;Q;.;G;R;V;T;I;T;A;D;K;S;T;S;T;A;Y;M;E;L;S;S;L;R;S;E;D;T;A;V;Y;Y;C;A;R;
Homsap IGHV1-69*10 F;Q;V;Q;L;V;Q;S;G;A;.;E;V;K;K;P;G;S;S;V;K;V;S;C;K;A;S;G;G;T;F;.;.;.;.;S;S;Y;A;I;S;W;V;R;Q;A;P;G;Q;G;L;E;W;M;G;G;I;I;P;I;.;.;L;G;I;A;N;Y;A;Q;K;F;Q;.;G;R;V;T;I;T;A;D;K;S;T;S;T;A;Y;M;E;L;S;S;L;R;S;E;D;T;A;V;Y;Y;C;A;R;
Homsap IGHV1-69*11 F;Q;V;Q;L;V;Q;S;G;A;.;E;V;K;K;P;G;S;S;V;K;V;S;C;K;A;S;G;G;T;F;.;.;.;.;S;S;Y;A;I;S;W;V;R;Q;A;P;G;Q;G;L;E;W;M;G;R;I;I;P;I;.;.;L;G;T;A;N;Y;A;Q;K;F;Q;.;G;R;V;T;I;T;A;D;E;S;T;S;T;A;Y;M;E;L;S;S;L;R;S;E;D;T;A;V;Y;Y;C;A;R;
Homsap IGHV1-69*12 F;Q;V;Q;L;V;Q;S;G;A;.;E;V;K;K;P;G;S;S;V;K;V;S;C;K;A;S;G;G;T;F;.;.;.;.;S;S;Y;A;I;S;W;V;R;Q;A;P;G;Q;G;L;E;W;M;G;G;I;I;P;I;.;.;F;G;T;A;N;Y;A;Q;K;F;Q;.;G;R;V;T;I;T;A;D;E;S;T;S;T;A;Y;M;E;L;S;S;L;R;S;E;D;T;A;V;Y;Y;C;A;R;
Homsap IGHV1-69*13 F;Q;V;Q;L;V;Q;S;G;A;.;E;V;K;K;P;G;S;S;V;K;V;S;C;K;A;S;G;G;T;F;.;.;.;.;S;S;Y;A;I;S;W;V;R;Q;A;P;G;Q;G;L;E;W;M;G;G;I;I;P;I;.;.;F;G;T;A;N;Y;A;Q;K;F;Q;.;G;R;V;T;I;T;A;D;E;S;T;S;T;A;Y;M;E;L;S;S;L;R;S;E;D;T;A;V;Y;Y;C;A;R;
Homsap IGHV1-69*14 F;Q;V;Q;L;V;Q;S;G;A;.;E;V;K;K;P;G;S;S;V;K;V;S;C;K;A;S;G;G;T;F;.;.;.;.;S;S;Y;A;I;S;W;V;R;Q;A;P;G;Q;G;L;E;W;M;G;G;I;I;P;I;.;.;F;G;T;A;N;Y;A;Q;K;F;Q;.;G;R;V;T;I;T;A;D;K;S;T;S;T;A;Y;M;E;L;S;S;L;R;S;E;D;T;A;V;Y;Y;C;A;R;
Homsap IGHV1-69-2*01 F;E;V;Q;L;V;Q;S;G;A;.;E;V;K;K;P;G;A;T;V;K;I;S;C;K;V;S;G;Y;T;F;.;.;.;.;T;D;Y;Y;M;H;W;V;Q;Q;A;P;G;K;G;L;E;W;M;G;L;V;D;P;E;.;.;D;G;E;T;I;Y;A;E;K;F;Q;.;G;R;V;T;I;T;A;D;T;S;T;D;T;A;Y;M;E;L;S;S;L;R;S;E;D;T;A;V;Y;Y;C;A;T;
Homsap IGHV1-69-2*02 F;.;.;.;.;.;.;.;.;.;.;.;.;.;K;P;G;A;T;V;K;I;S;C;K;V;S;G;Y;T;F;.;.;.;.;T;D;Y;Y;M;H;W;V;Q;Q;A;P;G;K;G;L;E;W;M;G;L;V;D;P;E;.;.;D;G;E;T;I;Y;A;E;K;F;Q;.;G;R;V;T;I;T;A;D;T;S;T;D;T;A;Y;M;E;L;S;S;L;R;S;E;;;;;;;;;;
Homsap IGHV1-69*01 F, or Homsap IGHV1-69D*01 F;Q;V;Q;L;V;Q;S;G;A;.;E;V;K;K;P;G;S;S;V;K;V;S;C;K;A;S;G;G;T;F;.;.;.;.;S;S;Y;A;I;S;W;V;R;Q;A;P;G;Q;G;L;E;W;M;G;G;I;I;P;I;.;.;F;G;T;A;N;Y;A;Q;K;F;Q;.;G;R;V;T;I;T;A;D;E;S;T;S;T;A;Y;M;E;L;S;S;L;R;S;E;D;T;A;V;Y;Y;C;A;R;
Homsap IGHV1-8*01 F;Q;V;Q;L;V;Q;S;G;A;.;E;V;K;K;P;G;A;S;V;K;V;S;C;K;A;S;G;Y;T;F;.;.;.;.;T;S;Y;D;I;N;W;V;R;Q;A;T;G;Q;G;L;E;W;M;G;W;M;N;P;N;.;.;S;G;N;T;G;Y;A;Q;K;F;Q;.;G;R;V;T;M;T;R;N;T;S;I;S;T;A;Y;M;E;L;S;S;L;R;S;E;D;T;A;V;Y;Y;C;A;R;
Homsap IGHV1-8*02 F;Q;V;Q;L;V;Q;S;G;A;.;E;V;K;K;P;G;A;S;V;K;V;S;C;K;A;S;G;Y;T;F;.;.;.;.;T;S;Y;D;I;N;W;V;R;Q;A;T;G;Q;G;L;E;W;M;G;W;M;N;P;N;.;.;S;G;N;T;G;Y;A;Q;K;F;Q;.;G;R;V;T;M;T;R;N;T;S;I;S;T;A;Y;M;E;L;S;S;L;R;S;E;D;T;A;V;Y;Y;C;A;R;
Homsap IGHV1-NL1*01 P;Q;V;Q;L;L;Q;P;G;V;.;Q;V;K;K;P;G;S;S;V;K;V;S;C;*;A;S;R;Y;T;F;.;.;.;.;T;K;Y;F;T;R;W;V;*;Q;S;P;G;Q;G;H;X;W;M;G;*;I;N;P;Y;.;.;N;D;N;T;H;Y;A;Q;T;F;W;.;G;R;V;T;I;T;S;D;R;S;M;S;T;A;Y;M;E;L;S;X;L;R;S;E;D;M;V;V;Y;Y;C;V;R;
Homsap IGHV1-2*02 F, or Homsap IGHV1-2*05 F;Q;V;Q;L;V;Q;S;G;A;.;E;V;K;K;P;G;A;S;V;K;V;S;C;K;A;S;G;Y;I;F;.;.;.;.;T;D;Y;Y;M;H;W;V;R;Q;A;P;G;Q;E;L;G;W;M;G;R;I;N;P;N;.;.;S;G;G;T;N;Y;A;Q;K;F;Q;.;G;R;V;T;M;T;R;D;T;S;I;S;T;A;Y;T;E;L;S;S;L;R;S;E;D;T;A;T;Y;Y;C;A;R;
Homsap IGHV1-2*02 F, or Homsap IGHV1-2*05 F;Q;V;Q;L;V;Q;S;G;A;.;E;V;K;K;P;G;A;S;V;K;V;S;C;K;A;S;G;Y;I;F;.;.;.;.;T;D;Y;Y;M;H;W;V;R;Q;A;P;G;Q;E;L;G;W;M;G;R;I;N;P;N;.;.;S;G;G;T;N;Y;A;Q;K;F;Q;.;G;R;V;T;M;T;R;D;T;S;I;S;T;A;C;T;E;L;S;S;L;R;S;E;D;T;A;T;Y;Y;C;A;R;
Homsap IGHV1-2*02 F, or Homsap IGHV1-2*05 F;Q;V;Q;L;V;Q;S;G;A;.;E;V;K;K;P;G;A;S;V;K;V;S;C;K;A;S;G;Y;I;F;.;.;.;.;T;D;Y;Y;M;H;W;V;R;Q;A;P;G;Q;E;L;G;W;M;G;R;I;N;P;N;.;.;S;G;G;T;N;Y;A;Q;K;F;Q;.;G;R;V;T;M;T;R;D;T;S;I;S;T;A;Y;T;E;L;S;S;L;R;S;E;D;T;A;T;Y;Y;C;A;R;
Homsap IGHV1-2*02 F, or Homsap IGHV1-2*05 F;Q;V;Q;L;V;Q;S;G;A;.;E;V;K;K;P;G;A;S;V;K;V;S;C;K;A;S;G;Y;I;F;.;.;.;.;T;D;Y;Y;M;H;W;V;R;Q;A;P;G;Q;E;L;G;W;M;G;R;I;N;P;N;.;.;S;G;G;T;N;Y;A;Q;K;F;Q;.;G;R;V;T;M;T;R;D;T;S;I;S;T;A;Y;M;E;L;S;S;L;R;S;E;D;T;A;T;Y;Y;C;A;R;
Homsap IGHV1-18*03 F, or Homsap IGHV1-18*04 F;Q;V;Q;L;V;Q;S;G;A;.;E;V;K;K;P;R;A;S;V;K;V;S;C;K;A;S;G;Y;T;F;.;.;.;.;T;S;Y;Y;M;H;W;V;*;Q;A;P;E;Q;G;L;E;W;M;G;W;I;N;T;Y;.;.;N;G;N;T;N;Y;P;Q;K;L;Q;.;G;R;V;T;M;T;R;D;T;S;T;S;T;A;Y;M;E;L;S;R;L;R;S;D;D;M;A;V;Y;Y;C;A;R;
Homsap IGHV1-18*03 F, or Homsap IGHV1-18*04 F;Q;V;Q;L;V;Q;S;G;A;.;E;V;K;K;P;G;A;S;V;K;V;S;C;K;A;S;G;Y;T;F;.;.;.;.;T;S;Y;Y;M;H;W;V;*;Q;A;P;E;Q;G;L;E;W;M;G;W;I;N;T;Y;.;.;N;G;N;T;N;Y;P;Q;K;L;Q;.;G;R;V;T;M;T;R;D;T;S;T;S;T;A;Y;M;E;L;S;S;L;R;S;D;D;M;A;V;Y;Y;C;A;R;
Homsap IGHV1-18*03 F, or Homsap IGHV1-18*04 F;Q;V;Q;L;V;Q;S;G;A;.;E;V;K;K;P;R;A;S;V;K;V;S;C;K;A;S;G;Y;T;F;.;.;.;.;T;S;Y;Y;M;H;W;V;*;Q;A;P;E;Q;G;L;E;W;M;G;W;I;N;T;Y;.;.;N;G;N;T;N;Y;P;Q;K;L;Q;.;G;R;V;T;M;T;R;D;T;S;T;S;T;A;Y;M;E;L;S;S;L;R;S;D;D;M;A;V;Y;Y;C;A;R;
Homsap IGHV1-3*01 F;Q;V;Q;L;V;*;S;G;A;.;E;V;K;K;P;G;A;S;V;K;V;S;C;K;A;S;G;Y;T;F;.;.;.;.;T;D;Y;F;M;N;W;M;R;Q;A;P;G;Q;R;L;E;W;M;G;W;I;N;A;G;.;.;N;G;N;T;K;Y;S;Q;K;L;Q;.;G;R;V;T;I;T;R;D;T;S;S;S;T;A;Y;M;Q;L;S;S;L;R;S;E;D;T;A;V;Y;Y;C;A;R;
Homsap IGHV1-3*01 F;Q;V;Q;L;V;*;S;G;A;.;E;V;K;K;P;G;A;S;V;K;V;S;C;K;A;S;G;Y;T;F;.;.;.;.;T;D;Y;F;M;N;W;M;R;Q;A;P;G;Q;R;L;E;W;M;G;W;I;N;A;G;.;.;N;G;N;T;K;Y;S;Q;K;L;Q;.;G;R;V;T;I;T;R;D;T;S;A;S;T;A;Y;M;Q;L;S;S;L;R;S;E;D;T;A;V;Y;Y;C;A;R;
Homsap IGHV1-3*01 F;Q;V;Q;L;V;*;S;G;A;.;E;V;K;K;P;G;A;S;V;K;V;S;C;K;A;S;G;Y;T;F;.;.;.;.;T;S;Y;Y;M;N;W;M;R;Q;A;P;G;Q;G;F;E;W;M;G;W;I;N;A;G;.;.;N;G;N;T;K;Y;S;Q;K;L;Q;.;G;R;V;T;I;T;R;D;T;S;A;S;T;A;Y;M;Q;L;S;S;L;R;S;E;D;T;A;V;Y;Y;C;A;R;
Homsap IGHV1-2*02 F;Q;D;Q;L;V;Q;S;G;A;.;E;V;K;K;P;L;S;S;V;K;V;S;F;K;A;S;G;Y;T;F;.;.;.;.;T;N;N;F;M;H;W;V;*;Q;A;P;G;Q;G;L;E;W;M;G;W;I;N;A;G;.;.;N;G;N;T;T;Y;A;Q;K;F;Q;.;G;R;V;T;I;T;R;D;T;S;M;S;T;A;Y;T;E;L;S;S;L;R;S;E;D;T;A;V;Y;Y;C;A;R;
Homsap IGHV1-46*01 F, or Homsap IGHV1-46*03 F;.;.;.;.;.;.;.;.;.;.;.;.;.;K;P;G;A;S;V;K;V;S;C;K;A;S;G;Y;T;F;.;.;.;.;T;S;Y;C;M;H;W;V;H;Q;V;H;A;Q;G;L;E;W;M;G;L;V;C;P;S;.;.;D;G;S;T;S;Y;A;Q;K;F;Q;.;A;R;V;T;I;T;R;D;T;S;M;S;T;A;Y;M;E;L;S;S;L;R;S;E;D;T;A;M;Y;Y;C;V;R;
Homsap IGHV1-46*01 F, or Homsap IGHV1-46*03 F;Q;V;Q;L;V;Q;S;G;A;.;E;V;K;K;P;G;A;S;V;K;V;S;C;K;A;S;G;Y;T;F;.;.;.;.;T;N;Y;C;M;H;W;V;R;Q;V;H;A;Q;G;L;E;W;M;G;L;V;C;P;S;.;.;D;G;S;T;S;Y;A;Q;K;F;Q;.;A;R;V;T;I;T;R;D;T;S;M;S;T;A;Y;M;E;L;S;S;L;R;S;E;D;T;A;M;Y;Y;C;V;R;
Homsap IGHV1-46*01 F, or Homsap IGHV1-46*03 F;Q;V;Q;L;M;Q;S;G;A;.;E;V;K;K;P;G;A;S;V;R;I;S;C;K;A;S;G;Y;T;F;.;.;.;.;T;S;Y;C;M;H;W;V;C;Q;A;H;A;Q;G;L;E;W;M;G;L;V;C;P;S;.;.;D;G;S;T;S;Y;A;Q;K;F;Q;.;G;R;V;T;I;T;R;D;T;S;M;G;T;A;Y;M;E;L;S;S;L;R;S;E;D;T;A;M;Y;Y;C;V;R;
Homsap IGHV1-46*01 F, or Homsap IGHV1-46*03 F;Q;V;Q;L;V;Q;S;G;A;.;E;V;K;K;P;G;A;S;V;K;V;S;C;K;A;S;G;Y;T;I;.;.;.;.;T;S;Y;C;M;H;W;V;H;Q;V;H;A;Q;G;L;E;W;M;G;L;V;C;P;S;.;.;D;G;S;T;S;Y;A;Q;K;F;Q;.;A;R;V;T;I;T;R;D;T;S;M;S;T;A;Y;M;E;L;S;S;L;R;S;E;D;T;A;M;Y;Y;C;V;R;
Homsap IGHV2-10*01 P;Q;V;T;L;K;E;S;G;P;.;A;L;V;K;P;T;Q;T;L;M;L;T;C;T;F;S;G;F;S;L;S;.;.;T;S;G;M;G;V;G;*;I;C;Q;P;S;A;K;A;L;E;W;L;A;H;I;Y;*;N;.;.;.;D;N;K;Y;Y;S;P;S;L;K;.;S;R;L;I;I;S;K;D;T;S;K;N;E;V;V;L;T;V;I;N;M;D;I;V;D;T;A;T;H;Y;C;A;R;R
Homsap IGHV2-26*01 F;Q;V;T;L;K;E;S;G;P;.;V;L;V;K;P;T;E;T;L;T;L;T;C;T;V;S;G;F;S;L;S;.;.;N;A;R;M;G;V;S;W;I;R;Q;P;P;G;K;A;L;E;W;L;A;H;I;F;S;N;.;.;.;D;E;K;S;Y;S;T;S;L;K;.;S;R;L;T;I;S;K;D;T;S;K;S;Q;V;V;L;T;M;T;N;M;D;P;V;D;T;A;T;Y;Y;C;A;R;I
Homsap IGHV2-5*01 F;Q;I;T;L;K;E;S;G;P;.;T;L;V;K;P;T;Q;T;L;T;L;T;C;T;F;S;G;F;S;L;S;.;.;T;S;G;V;G;V;G;W;I;R;Q;P;P;G;K;A;L;E;W;L;A;L;I;Y;W;N;.;.;.;D;D;K;R;Y;S;P;S;L;K;.;S;R;L;T;I;T;K;D;T;S;K;N;Q;V;V;L;T;M;T;N;M;D;P;V;D;T;A;T;Y;Y;C;A;H;R
Homsap IGHV2-5*02 F;Q;I;T;L;K;E;S;G;P;.;T;L;V;K;P;T;Q;T;L;T;L;T;C;T;F;S;G;F;S;L;S;.;.;T;S;G;V;G;V;G;W;I;R;Q;P;P;G;K;A;L;E;W;L;A;L;I;Y;W;D;.;.;.;D;D;K;R;Y;S;P;S;L;K;.;S;R;L;T;I;T;K;D;T;S;K;N;Q;V;V;L;T;M;T;N;M;D;P;V;D;T;A;T;Y;Y;C;A;H;R
Homsap IGHV2-5*03 F;.;.;.;.;.;.;.;.;.;.;.;L;V;K;P;T;Q;T;L;T;L;T;C;T;F;S;G;F;S;L;S;.;.;T;S;G;V;G;V;G;W;I;R;Q;P;P;G;K;A;L;E;W;L;A;L;I;Y;W;D;.;.;.;D;D;K;R;Y;S;P;S;L;K;.;S;R;L;T;I;T;K;D;T;S;K;N;Q;;;;;;;;;;;;;;;;;;;;;
Homsap IGHV2-5*04 F;Q;I;T;L;K;E;S;G;P;.;T;L;V;K;P;T;Q;T;L;T;L;T;C;T;F;S;G;F;S;L;S;.;.;T;S;G;V;G;V;G;W;I;R;Q;P;P;G;K;A;L;E;W;L;A;L;I;Y;W;N;.;.;.;D;D;K;R;Y;S;P;S;L;K;.;S;R;L;T;I;T;K;D;T;S;K;N;Q;V;V;L;T;M;T;N;M;D;P;V;D;T;G;T;Y;Y;C;V;;
Homsap IGHV2-5*05 F;Q;I;T;L;K;E;S;G;P;.;T;L;V;K;P;T;Q;T;L;T;L;T;C;T;F;S;G;F;S;L;S;.;.;T;S;G;V;G;V;G;W;I;R;Q;P;P;G;K;A;L;E;W;L;A;L;I;Y;W;D;.;.;.;D;D;K;R;Y;G;P;S;L;K;.;S;R;L;T;I;T;K;D;T;S;K;N;Q;V;V;L;T;M;T;N;M;D;P;V;D;T;A;T;Y;Y;C;A;H;R
Homsap IGHV2-5*06 F;Q;I;T;L;K;E;S;G;P;.;T;L;V;K;P;T;Q;T;L;T;L;T;C;T;F;S;G;F;S;L;S;.;.;T;S;G;V;G;V;G;W;I;R;Q;P;P;G;K;A;L;E;W;L;A;L;I;Y;W;D;.;.;.;D;D;K;R;Y;G;P;S;L;K;.;S;R;L;T;I;T;K;D;T;S;K;N;Q;V;V;L;T;M;T;N;M;D;P;V;D;T;A;T;Y;Y;C;A;H;R
Homsap IGHV2-5*08 F;Q;V;T;L;K;E;S;G;P;.;A;L;V;K;P;T;Q;T;L;T;L;T;C;T;F;S;G;F;S;L;S;.;.;T;S;G;M;R;V;S;W;I;R;Q;P;P;G;K;A;L;E;W;L;A;L;I;Y;W;D;.;.;.;D;D;K;R;Y;S;P;S;L;K;.;S;R;L;T;I;T;K;D;T;S;K;N;Q;V;V;L;T;M;T;N;M;D;P;V;D;T;A;T;Y;Y;C;A;H;R
Homsap IGHV2-5*09 F;Q;V;T;L;K;E;S;G;P;.;T;L;V;K;P;T;Q;T;L;T;L;T;C;T;F;S;G;F;S;L;S;.;.;T;S;G;V;G;V;G;W;I;R;Q;P;P;G;K;A;L;E;W;L;A;L;I;Y;W;D;.;.;.;D;D;K;R;Y;G;P;S;L;K;.;S;R;L;T;I;T;K;D;T;S;K;N;Q;V;V;L;T;M;T;N;M;D;P;V;D;T;A;T;Y;Y;C;A;H;R
Homsap IGHV2-70*01 F;Q;V;T;L;R;E;S;G;P;.;A;L;V;K;P;T;Q;T;L;T;L;T;C;T;F;S;G;F;S;L;S;.;.;T;S;G;M;C;V;S;W;I;R;Q;P;P;G;K;A;L;E;W;L;A;L;I;D;W;D;.;.;.;D;D;K;Y;Y;S;T;S;L;K;.;T;R;L;T;I;S;K;D;T;S;K;N;Q;V;V;L;T;M;T;N;M;D;P;V;D;T;A;T;Y;Y;C;A;R;I
Homsap IGHV2-70*02 F;Q;V;T;L;R;E;S;G;P;.;A;L;V;K;P;T;Q;T;L;T;L;T;C;T;F;S;G;F;S;L;S;.;.;T;S;G;M;C;V;S;W;I;R;Q;P;P;G;K;A;L;E;W;L;A;L;I;D;W;D;.;.;.;D;D;K;Y;Y;S;T;S;L;K;.;T;R;L;T;I;S;K;D;T;S;K;N;Q;V;V;L;T;M;T;N;M;D;P;V;D;T;A;V;Y;Y;;;;
Homsap IGHV2-70*03 F;Q;V;T;L;K;E;S;G;P;.;A;L;V;K;P;T;Q;T;L;T;L;T;C;T;F;S;G;F;S;L;S;.;.;T;S;G;M;R;V;S;W;I;R;Q;P;P;G;K;A;L;E;W;L;A;R;I;D;W;D;.;.;.;D;D;K;F;Y;S;T;S;L;K;.;T;R;L;T;I;S;K;D;T;S;K;N;Q;V;V;L;T;M;T;N;M;D;P;V;D;T;A;V;Y;Y;;;;
Homsap IGHV2-70*04 F, or Homsap IGHV2-70D*04 F;Q;V;T;L;K;E;S;G;P;.;A;L;V;K;P;T;Q;T;L;T;L;T;C;T;F;S;G;F;S;L;S;.;.;T;S;G;M;R;V;S;W;I;R;Q;P;P;G;K;A;L;E;W;L;A;R;I;D;W;D;.;.;.;D;D;K;F;Y;S;T;S;L;K;.;T;R;L;T;I;S;K;D;T;S;K;N;Q;V;V;L;T;M;T;N;M;D;P;V;D;T;A;T;Y;Y;;;;
Homsap IGHV2-70*05 F;.;.;.;.;.;.;.;.;.;.;A;L;V;K;P;T;Q;T;L;T;L;T;C;T;F;S;G;F;S;L;S;.;.;T;S;G;M;R;A;S;W;I;R;Q;P;P;G;K;A;L;E;W;L;A;R;I;D;W;D;.;.;.;D;D;K;F;Y;S;T;S;L;K;.;T;R;L;T;I;S;K;D;T;S;K;N;Q;V;V;L;T;M;T;N;M;;;;;;;;;;;;;
Homsap IGHV2-70*06 F;Q;V;T;L;K;E;S;G;P;.;A;L;V;K;P;T;Q;T;L;T;L;T;C;T;F;S;G;F;S;L;S;.;.;T;S;G;M;R;V;S;W;I;R;Q;P;P;G;K;A;L;E;W;L;A;R;I;D;W;D;.;.;.;D;D;K;F;Y;S;T;S;L;K;.;T;R;L;T;I;S;K;D;T;S;K;N;Q;V;V;L;T;M;T;N;M;D;P;V;D;T;A;V;Y;Y;;;;
Homsap IGHV2-70*07 F;Q;V;T;L;R;E;S;G;P;.;A;L;V;K;P;T;Q;T;L;T;L;T;C;T;F;S;G;F;S;L;S;.;.;T;S;G;M;C;V;S;W;I;R;Q;P;P;G;K;A;L;E;W;L;A;L;I;D;W;D;.;.;.;D;D;K;Y;Y;S;T;S;L;K;.;T;R;L;T;I;S;K;D;T;S;K;N;Q;V;V;L;T;M;T;N;M;D;P;V;D;T;A;V;Y;Y;;;;
Homsap IGHV2-70*08 F;Q;V;T;L;R;E;S;G;P;.;A;L;V;K;P;T;Q;T;L;T;L;T;C;A;F;S;G;F;S;L;S;.;.;T;S;G;M;C;V;S;W;I;R;Q;P;P;G;K;A;L;E;W;L;A;R;I;D;W;D;.;.;.;D;D;K;Y;Y;S;T;S;L;K;.;T;R;L;T;I;S;K;D;T;S;K;N;Q;V;V;L;T;M;T;N;M;D;P;V;D;T;A;V;Y;Y;;;;
Homsap IGHV2-70*09 ORF;Q;I;T;L;K;E;S;G;P;.;T;L;V;K;P;T;Q;T;L;T;L;T;R;T;F;S;G;F;S;L;S;.;.;T;S;G;M;C;V;S;W;I;R;Q;P;P;G;K;A;L;E;W;L;A;L;I;D;W;D;.;.;.;D;D;K;Y;Y;S;T;S;L;N;.;T;R;L;T;I;S;K;D;T;S;K;N;Q;V;V;L;T;M;T;N;M;D;P;V;D;T;G;T;Y;Y;C;V;R;
Homsap IGHV2-70*10 F;Q;V;T;L;K;E;S;G;P;.;A;L;V;K;P;T;Q;T;L;T;L;T;C;T;F;S;G;F;S;L;S;.;.;T;S;G;M;R;V;S;W;I;R;Q;P;P;G;K;A;L;E;W;I;A;R;I;D;W;D;.;.;.;D;D;K;Y;Y;S;T;S;L;K;.;T;R;L;T;I;S;K;D;T;S;K;N;Q;V;V;L;T;M;T;N;M;D;P;V;D;T;A;T;Y;Y;C;A;R;I
Homsap IGHV2-70*11 F;R;V;T;L;R;E;S;G;P;.;A;L;V;K;P;T;Q;T;L;T;L;T;C;T;F;S;G;F;S;L;S;.;.;T;S;G;M;C;V;S;W;I;R;Q;P;P;G;K;A;L;E;W;L;A;R;I;D;W;D;.;.;.;D;D;K;Y;Y;S;T;S;L;K;.;T;R;L;T;I;S;K;D;T;S;K;N;Q;V;V;L;T;M;T;N;M;D;P;V;D;T;A;T;Y;Y;C;A;R;I
Homsap IGHV2-70*12 F;Q;I;T;L;K;E;S;G;P;.;T;L;V;K;P;T;Q;T;L;T;L;T;C;T;F;S;G;F;S;L;S;.;.;T;S;G;M;C;V;S;W;I;R;Q;P;P;G;K;A;L;E;W;L;A;L;I;D;W;D;.;.;.;D;D;K;Y;Y;S;T;S;L;K;.;T;R;L;T;I;S;K;D;T;S;K;N;Q;V;V;L;T;M;T;N;M;D;P;V;D;T;A;T;Y;Y;C;A;H;R
Homsap IGHV2-70*13 F;Q;V;T;L;R;E;S;G;P;.;A;L;V;K;P;T;Q;T;L;T;L;T;C;T;F;S;G;F;S;L;S;.;.;T;S;G;M;C;V;S;W;I;R;Q;P;P;G;K;A;L;E;W;L;A;L;I;D;W;D;.;.;.;D;D;K;Y;Y;S;T;S;L;K;.;T;R;L;T;I;S;K;D;T;S;K;N;Q;V;V;L;T;M;T;N;M;D;P;V;D;T;A;T;Y;Y;C;A;R;I
Homsap IGHV2-70D*04 F;Q;V;T;L;K;E;S;G;P;.;A;L;V;K;P;T;Q;T;L;T;L;T;C;T;F;S;G;F;S;L;S;.;.;T;S;G;M;R;V;S;W;I;R;Q;P;P;G;K;A;L;E;W;L;A;R;I;D;W;D;.;.;.;D;D;K;F;Y;S;T;S;L;K;.;T;R;L;T;I;S;K;D;T;S;K;N;Q;V;V;L;T;M;T;N;M;D;P;V;D;T;A;T;Y;Y;C;A;R;I
Homsap IGHV2-70D*14 F;Q;V;T;L;K;E;S;G;P;.;A;L;V;K;P;T;Q;T;L;T;L;T;C;T;F;S;G;F;S;L;S;.;.;T;S;G;M;R;V;S;W;I;R;Q;P;P;G;K;A;L;E;W;L;A;R;I;D;W;D;.;.;.;D;D;K;F;Y;S;T;S;L;K;.;T;R;L;T;I;S;K;D;T;S;K;N;Q;V;V;L;T;M;T;N;M;D;P;V;D;T;A;T;Y;Y;C;A;R;I
Homsap IGHV2-26*01 F;Q;V;T;L;K;E;S;G;P;.;A;L;V;K;P;T;E;T;L;T;L;T;C;T;L;S;G;F;S;L;S;.;.;T;S;G;M;G;M;S;W;I;R;Q;P;P;G;K;A;L;E;W;L;A;H;I;F;L;N;.;.;.;D;K;K;S;Y;S;T;S;L;K;.;N;R;L;I;I;S;K;D;T;S;K;S;Q;V;V;L;T;M;T;N;M;D;P;V;D;T;A;T;Y;Y;C;A;W;
Homsap IGHV3-11*01 F;Q;V;Q;L;V;E;S;G;G;.;G;L;V;K;P;G;G;S;L;R;L;S;C;A;A;S;G;F;T;F;.;.;.;.;S;D;Y;Y;M;S;W;I;R;Q;A;P;G;K;G;L;E;W;V;S;Y;I;S;S;S;.;.;G;S;T;I;Y;Y;A;D;S;V;K;.;G;R;F;T;I;S;R;D;N;A;K;N;S;L;Y;L;Q;M;N;S;L;R;A;E;D;T;A;V;Y;Y;C;A;R;
Homsap IGHV3-11*03 F;Q;V;Q;L;L;E;S;G;G;.;G;L;V;K;P;G;G;S;L;R;L;S;C;A;A;S;G;F;T;F;.;.;.;.;S;D;Y;Y;M;S;W;I;R;Q;A;P;G;K;G;L;E;W;V;S;Y;I;S;S;S;.;.;S;S;Y;T;N;Y;A;D;S;V;K;.;G;R;F;T;I;S;R;D;N;A;K;N;S;L;Y;L;Q;M;N;S;L;R;A;E;D;T;A;V;Y;Y;C;A;R;
Homsap IGHV3-11*04 F;Q;V;Q;L;V;E;S;G;G;.;G;L;V;K;P;G;G;S;L;R;L;S;C;A;A;S;G;F;T;F;.;.;.;.;S;D;Y;Y;M;S;W;I;R;Q;A;P;G;K;G;L;E;W;V;S;Y;I;S;S;S;.;.;G;S;T;I;Y;Y;A;D;S;V;K;.;G;R;F;T;I;S;R;D;N;A;K;N;S;L;Y;L;Q;M;N;S;L;R;A;E;D;T;A;V;Y;Y;C;A;R;
Homsap IGHV3-11*05 F;Q;V;Q;L;V;E;S;G;G;.;G;L;V;K;P;G;G;S;L;R;L;S;C;A;A;S;G;F;T;F;.;.;.;.;S;D;Y;Y;M;S;W;I;R;Q;A;P;G;K;G;L;E;W;V;S;Y;I;S;S;S;.;.;S;S;Y;T;N;Y;A;D;S;V;K;.;G;R;F;T;I;S;R;D;N;A;K;N;S;L;Y;L;Q;M;N;S;L;R;A;E;D;T;A;V;Y;Y;C;A;R;
Homsap IGHV3-11*06 F;Q;V;Q;L;V;E;S;G;G;.;G;L;V;K;P;G;G;S;L;R;L;S;C;A;A;S;G;F;T;F;.;.;.;.;S;D;Y;Y;M;S;W;I;R;Q;A;P;G;K;G;L;E;W;V;S;Y;I;S;S;S;.;.;S;S;Y;T;N;Y;A;D;S;V;K;.;G;R;F;T;I;S;R;D;N;A;K;N;S;L;Y;L;Q;M;N;S;L;R;A;E;D;T;A;V;Y;Y;C;A;R;
Homsap IGHV3-13*01 F;E;V;Q;L;V;E;S;G;G;.;G;L;V;Q;P;G;G;S;L;R;L;S;C;A;A;S;G;F;T;F;.;.;.;.;S;S;Y;D;M;H;W;V;R;Q;A;T;G;K;G;L;E;W;V;S;A;I;G;T;A;.;.;.;G;D;T;Y;Y;P;G;S;V;K;.;G;R;F;T;I;S;R;E;N;A;K;N;S;L;Y;L;Q;M;N;S;L;R;A;G;D;T;A;V;Y;Y;C;A;R;
Homsap IGHV3-13*02 F;E;V;H;L;V;E;S;G;G;.;G;L;V;Q;P;G;G;A;L;R;L;S;C;A;A;S;G;F;T;F;.;.;.;.;S;N;Y;D;M;H;W;V;R;Q;A;T;G;K;G;L;E;W;V;S;A;N;G;T;A;.;.;.;G;D;T;Y;Y;P;G;S;V;K;.;G;R;F;T;I;S;R;E;N;A;K;N;S;L;Y;L;Q;M;N;S;L;R;A;G;D;T;A;V;Y;Y;C;A;R;
Homsap IGHV3-13*03 F;E;V;Q;L;V;E;S;G;G;.;G;L;V;Q;P;G;G;S;L;R;L;S;C;A;A;C;G;F;T;F;.;.;.;.;S;S;Y;D;M;H;W;V;R;Q;A;T;G;K;G;L;E;W;V;S;A;I;G;T;A;.;.;.;G;D;T;Y;Y;P;G;S;V;K;.;G;Q;F;T;I;S;R;E;N;A;K;N;S;L;Y;L;Q;M;N;S;L;R;A;G;D;T;A;V;Y;Y;C;A;R;
Homsap IGHV3-13*04 F;E;V;Q;L;V;E;S;G;G;.;G;L;V;Q;P;G;G;S;L;R;L;S;C;A;A;S;G;F;T;F;.;.;.;.;S;S;Y;D;M;H;W;V;R;Q;A;T;G;K;G;L;E;W;V;S;A;I;G;T;A;.;.;.;G;D;T;Y;Y;P;G;S;V;K;.;G;R;F;T;I;S;R;E;N;A;K;N;S;L;Y;L;Q;M;N;S;L;R;A;G;D;T;A;V;Y;Y;C;A;R;
Homsap IGHV3-13*05 F;E;V;Q;L;V;E;S;G;G;.;G;L;V;Q;P;G;G;S;L;R;L;S;C;A;A;S;G;F;T;F;.;.;.;.;S;S;Y;D;M;H;W;V;R;Q;A;T;G;K;G;L;E;W;V;S;A;I;G;T;A;.;.;.;G;D;P;Y;Y;P;G;S;V;K;.;G;R;F;T;I;S;R;E;N;A;K;N;S;L;Y;L;Q;M;N;S;L;R;A;G;D;T;A;V;Y;Y;C;A;R;
Homsap IGHV3-15*01 F;E;V;Q;L;V;E;S;G;G;.;G;L;V;K;P;G;G;S;L;R;L;S;C;A;A;S;G;F;T;F;.;.;.;.;S;N;A;W;M;S;W;V;R;Q;A;P;G;K;G;L;E;W;V;G;R;I;K;S;K;T;D;G;G;T;T;D;Y;A;A;P;V;K;.;G;R;F;T;I;S;R;D;D;S;K;N;T;L;Y;L;Q;M;N;S;L;K;T;E;D;T;A;V;Y;Y;C;T;T;
Homsap IGHV3-15*02 F;E;V;Q;L;V;E;S;G;G;.;A;L;V;K;P;G;G;S;L;R;L;S;C;A;A;S;G;F;T;F;.;.;.;.;S;N;A;W;M;S;W;V;R;Q;A;P;G;K;G;L;E;W;V;G;R;I;K;S;K;T;D;G;G;T;T;D;Y;A;A;P;V;K;.;G;R;F;T;I;S;R;D;D;S;K;N;T;L;Y;L;Q;M;N;S;L;K;T;E;D;T;A;V;Y;Y;C;T;T;
Homsap IGHV3-15*03 F;E;V;Q;L;V;E;S;A;G;.;A;L;V;Q;P;G;G;S;L;R;L;S;C;A;A;S;G;F;T;C;.;.;.;.;S;N;A;W;M;S;W;V;R;Q;A;P;G;K;G;L;E;W;V;G;R;I;K;S;K;A;N;G;G;T;T;D;Y;A;A;P;V;K;.;G;R;F;T;I;S;R;V;D;S;K;N;T;L;Y;L;Q;M;N;S;L;K;T;E;D;T;A;V;Y;Y;C;T;T;
Homsap IGHV3-15*04 F;E;V;Q;L;V;E;S;G;G;.;G;L;V;K;P;G;G;S;L;R;L;S;C;A;A;S;G;F;T;F;.;.;.;.;S;N;A;W;M;S;W;V;R;Q;A;P;G;K;G;L;E;W;V;G;R;I;E;S;K;T;D;G;G;T;T;D;Y;A;A;P;V;K;.;G;R;F;T;I;S;R;D;D;S;K;N;T;L;Y;L;Q;M;N;S;L;K;T;E;D;T;A;V;Y;Y;C;T;T;
Homsap IGHV3-15*05 F;E;V;Q;L;V;E;S;G;G;.;G;L;V;K;P;G;G;S;L;R;L;S;C;A;A;S;G;F;T;F;.;.;.;.;S;N;A;W;M;S;W;V;R;Q;A;P;G;K;G;L;E;W;V;G;R;I;K;S;K;T;D;G;G;T;T;D;Y;A;A;P;V;K;.;G;R;F;T;I;S;R;D;D;S;K;N;T;L;Y;L;Q;M;N;S;L;K;T;E;D;T;A;V;Y;Y;C;T;T;
Homsap IGHV3-15*06 F;E;V;Q;L;V;E;S;G;G;.;G;L;V;K;P;G;G;S;L;R;L;S;C;A;A;S;G;F;T;F;.;.;.;.;S;N;A;W;M;S;W;V;R;Q;A;P;G;K;G;L;E;W;V;G;R;I;K;S;K;T;D;G;G;T;T;N;Y;A;A;P;V;K;.;G;R;F;T;I;S;R;D;D;S;K;N;T;L;Y;L;Q;M;N;S;L;K;T;E;D;T;A;V;Y;Y;C;T;T;
Homsap IGHV3-15*07 F;E;V;Q;L;V;E;S;G;G;.;G;L;V;K;P;G;G;S;L;R;L;S;C;A;A;S;G;F;T;F;.;.;.;.;S;N;A;W;M;N;W;V;R;Q;A;P;G;K;G;L;E;W;V;G;R;I;K;S;K;T;D;G;G;T;T;D;Y;A;A;P;V;K;.;G;R;F;T;I;S;R;D;D;S;K;N;T;L;Y;L;Q;M;N;S;L;K;T;E;D;T;A;V;Y;Y;C;T;T;
Homsap IGHV3-15*08 F;E;V;Q;L;V;E;S;A;G;.;G;L;V;Q;P;G;G;S;L;R;L;S;C;A;A;S;G;F;T;C;.;.;.;.;S;N;A;W;M;S;W;V;R;Q;A;P;G;K;G;L;E;W;V;G;C;I;K;S;K;A;N;G;G;T;T;D;Y;A;A;P;V;K;.;G;R;F;T;I;S;R;D;D;S;K;N;T;L;Y;L;Q;M;I;S;L;K;T;E;D;T;A;V;Y;Y;C;T;T;
Homsap IGHV3-16*01 ORF;E;V;Q;L;V;E;S;G;G;.;G;L;V;Q;P;G;G;S;L;R;L;S;C;A;A;S;G;F;T;F;.;.;.;.;S;N;S;D;M;N;W;A;R;K;A;P;G;K;G;L;E;W;V;S;G;V;S;W;N;.;.;G;S;R;T;H;Y;V;D;S;V;K;.;R;R;F;I;I;S;R;D;N;S;R;N;S;L;Y;L;Q;K;N;R;R;R;A;E;D;M;A;V;Y;Y;C;V;R;
Homsap IGHV3-16*02 ORF;E;V;Q;L;V;E;S;G;G;.;G;L;V;Q;P;G;G;S;L;R;L;S;C;A;A;S;G;F;T;F;.;.;.;.;S;N;S;D;M;N;W;A;R;K;A;P;G;K;G;L;E;W;V;S;G;V;S;W;N;.;.;G;S;R;T;H;Y;V;D;S;V;K;.;R;R;F;I;I;S;R;D;N;S;R;N;S;L;Y;L;Q;K;N;R;R;R;A;E;D;M;A;V;Y;Y;C;V;R;
Homsap IGHV3-19*01 P;T;V;Q;L;V;E;S;G;G;.;G;L;V;E;P;G;G;S;L;R;L;S;C;A;A;S;G;F;T;F;.;.;.;.;S;N;S;D;M;N;W;V;R;Q;A;P;G;K;G;L;E;W;V;S;G;V;S;W;N;.;.;G;S;R;T;H;Y;A;D;S;V;K;.;G;R;F;I;I;S;R;D;N;S;R;N;F;L;Y;Q;Q;M;N;S;L;R;P;E;D;M;A;V;Y;Y;C;V;R;
Homsap IGHV3-20*01 F;E;V;Q;L;V;E;S;G;G;.;G;V;V;R;P;G;G;S;L;R;L;S;C;A;A;S;G;F;T;F;.;.;.;.;D;D;Y;G;M;S;W;V;R;Q;A;P;G;K;G;L;E;W;V;S;G;I;N;W;N;.;.;G;G;S;T;G;Y;A;D;S;V;K;.;G;R;F;T;I;S;R;D;N;A;K;N;S;L;Y;L;Q;M;N;S;L;R;A;E;D;T;A;L;Y;H;C;A;R;
Homsap IGHV3-20*02 ORF;E;V;Q;L;V;E;S;G;G;.;G;V;V;R;P;G;G;S;L;R;L;S;F;A;A;S;G;F;T;F;.;.;.;.;D;D;Y;G;M;S;W;V;R;Q;A;P;G;K;G;L;E;W;V;S;G;I;N;W;N;.;.;G;G;S;T;G;Y;A;D;S;V;K;.;G;R;F;T;I;S;R;D;N;A;K;N;S;L;Y;L;Q;M;N;S;L;R;A;E;D;T;A;L;Y;H;C;A;R;
Homsap IGHV3-21*01 F;E;V;Q;L;V;E;S;G;G;.;G;L;V;K;P;G;G;S;L;R;L;S;C;A;A;S;G;F;T;F;.;.;.;.;S;S;Y;S;M;N;W;V;R;Q;A;P;G;K;G;L;E;W;V;S;S;I;S;S;S;.;.;S;S;Y;I;Y;Y;A;D;S;V;K;.;G;R;F;T;I;S;R;D;N;A;K;N;S;L;Y;L;Q;M;N;S;L;R;A;E;D;T;A;V;Y;Y;C;A;R;
Homsap IGHV3-21*02 F;E;V;Q;L;V;E;S;G;G;.;G;L;V;K;P;G;G;S;L;R;L;S;C;A;A;S;G;F;T;F;.;.;.;.;S;S;Y;S;M;N;W;V;R;Q;A;P;G;K;G;L;E;W;V;S;S;I;S;S;S;.;.;S;S;Y;I;Y;Y;A;D;S;V;K;.;G;R;F;T;I;S;R;D;N;A;K;N;S;L;Y;L;Q;M;N;S;L;R;A;E;D;T;A;V;Y;Y;C;A;R;
Homsap IGHV3-21*03 F;E;V;Q;L;V;E;S;G;G;.;G;L;V;K;P;G;G;S;L;R;L;S;C;A;A;S;G;F;T;F;.;.;.;.;S;S;Y;S;M;N;W;V;R;Q;A;P;G;K;G;L;E;W;V;S;S;I;S;S;S;.;.;S;S;Y;I;Y;Y;A;D;S;V;K;.;G;R;F;T;I;S;R;D;N;A;K;N;S;L;Y;L;Q;M;N;S;L;R;A;E;D;T;A;V;Y;Y;C;A;R;
Homsap IGHV3-21*04 F;E;V;Q;L;V;E;S;G;G;.;G;L;V;K;P;G;G;S;L;R;L;S;C;A;A;S;G;F;T;F;.;.;.;.;S;S;Y;S;M;N;W;V;R;Q;A;P;G;K;G;L;E;W;V;S;S;I;S;S;S;.;.;S;S;Y;I;Y;Y;A;D;S;V;K;.;G;R;F;T;I;S;R;D;N;A;K;N;S;L;Y;L;Q;M;N;S;L;R;A;E;D;T;A;V;Y;Y;C;A;R;
Homsap IGHV3-22*01 P;E;V;H;L;V;E;S;G;G;.;A;L;V;Q;P;G;G;S;L;R;L;S;C;A;A;S;G;F;T;F;.;.;.;.;S;Y;Y;Y;M;S;G;V;R;Q;A;P;G;K;G;L;E;W;V;G;F;I;R;N;K;A;N;G;G;T;T;E;*;T;T;S;V;K;.;G;R;F;T;I;S;R;D;D;S;K;S;I;T;Y;L;Q;M;K;S;L;K;T;E;D;T;A;V;Y;Y;C;S;R;
Homsap IGHV3-22*02 P;E;V;Q;L;V;E;S;G;G;.;G;L;V;Q;P;G;G;S;L;R;L;S;C;A;A;S;G;F;T;F;.;.;.;.;S;Y;Y;Y;M;S;G;V;R;Q;A;P;G;K;G;L;E;W;V;G;F;I;R;N;K;A;N;G;G;T;T;E;*;T;T;S;V;K;.;G;R;F;T;I;S;R;D;D;S;K;S;I;T;Y;L;Q;M;K;S;L;K;T;E;D;T;A;V;Y;Y;C;S;R;
Homsap IGHV3-23*01 F, or Homsap IGHV3-23D*01 F;E;V;Q;L;L;E;S;G;G;.;G;L;V;Q;P;G;G;S;L;R;L;S;C;A;A;S;G;F;T;F;.;.;.;.;S;S;Y;A;M;S;W;V;R;Q;A;P;G;K;G;L;E;W;V;S;A;I;S;G;S;.;.;G;G;S;T;Y;Y;A;D;S;V;K;.;G;R;F;T;I;S;R;D;N;S;K;N;T;L;Y;L;Q;M;N;S;L;R;A;E;D;T;A;V;Y;Y;C;A;K;
Homsap IGHV3-23*02 F;E;V;Q;L;L;E;S;G;G;.;G;L;V;Q;P;G;G;S;L;R;L;S;C;A;A;S;G;F;T;F;.;.;.;.;S;S;Y;A;M;S;W;V;R;Q;A;P;G;K;G;L;E;W;V;S;A;I;S;G;S;.;.;G;G;S;T;Y;Y;G;D;S;V;K;.;G;R;F;T;I;S;R;D;N;S;K;N;T;L;Y;L;Q;M;N;S;L;R;A;E;D;T;A;V;Y;Y;C;A;K;
Homsap IGHV3-23*03 F;E;V;Q;L;L;E;S;G;G;.;G;L;V;Q;P;G;G;S;L;R;L;S;C;A;A;S;G;F;T;F;.;.;.;.;S;S;Y;A;M;S;W;V;R;Q;A;P;G;K;G;L;E;W;V;S;V;I;Y;S;G;.;.;G;S;S;T;Y;Y;A;D;S;V;K;.;G;R;F;T;I;S;R;D;N;S;K;N;T;L;Y;L;Q;M;N;S;L;R;A;E;D;T;A;V;Y;Y;C;A;K;
Homsap IGHV3-23*04 F;E;V;Q;L;V;E;S;G;G;.;G;L;V;Q;P;G;G;S;L;R;L;S;C;A;A;S;G;F;T;F;.;.;.;.;S;S;Y;A;M;S;W;V;R;Q;A;P;G;K;G;L;E;W;V;S;A;I;S;G;S;.;.;G;G;S;T;Y;Y;A;D;S;V;K;.;G;R;F;T;I;S;R;D;N;S;K;N;T;L;Y;L;Q;M;N;S;L;R;A;E;D;T;A;V;Y;Y;C;A;K;
Homsap IGHV3-23*05 F;E;V;Q;L;L;E;S;G;G;.;G;L;V;Q;P;G;G;S;L;R;L;S;C;A;A;S;G;F;T;F;.;.;.;.;S;S;Y;A;M;S;W;V;R;Q;A;P;G;K;G;L;E;W;V;S;A;I;Y;S;S;.;.;G;S;S;T;Y;Y;A;D;S;V;K;.;G;R;F;T;I;S;R;D;N;S;K;N;T;L;Y;L;Q;M;N;S;L;R;A;E;D;T;A;V;Y;Y;C;A;K;
Homsap IGHV3-23*01 F, or Homsap IGHV3-23D*01 F;E;V;Q;L;L;E;S;G;G;.;G;L;V;Q;P;G;G;S;L;R;L;S;C;A;A;S;G;F;T;F;.;.;.;.;S;S;Y;A;M;S;W;V;R;Q;A;P;G;K;G;L;E;W;V;S;A;I;S;G;S;.;.;G;G;S;T;Y;Y;A;D;S;V;K;.;G;R;F;T;I;S;R;D;N;S;K;N;T;L;Y;L;Q;M;N;S;L;R;A;E;D;T;A;V;Y;Y;C;A;K;
Homsap IGHV3-25*01 P;E;M;Q;L;V;E;S;G;G;.;G;L;Q;K;P;A;W;S;P;R;L;S;C;A;A;S;Q;F;T;F;.;.;.;.;S;S;Y;Y;M;N;C;V;R;Q;A;P;G;N;G;L;E;L;V;*;Q;V;N;P;N;.;.;G;G;S;T;Y;L;I;D;S;G;K;.;D;R;F;N;T;S;R;D;N;A;K;N;T;L;H;L;Q;M;N;S;L;K;T;E;D;T;A;L;Y;*;C;T;R;
Homsap IGHV3-25*02 P;E;M;Q;L;V;E;S;G;G;.;G;L;A;K;P;A;W;S;P;R;L;S;C;A;A;S;Q;F;T;F;.;.;.;.;S;S;Y;Y;M;N;C;V;R;Q;A;P;G;N;G;L;E;L;V;*;Q;V;N;P;N;.;.;G;G;S;T;Y;L;I;D;S;G;K;.;D;R;F;N;T;S;R;D;N;A;K;N;T;L;H;L;Q;M;N;S;L;K;T;E;D;T;A;L;Y;*;C;T;R;
Homsap IGHV3-25*03 P;E;M;Q;L;V;E;S;G;G;.;G;L;A;K;P;A;W;S;P;R;L;S;C;A;A;S;Q;F;T;F;.;.;.;.;S;S;Y;Y;M;N;C;V;R;Q;A;P;G;N;G;L;E;L;V;G;Q;V;N;P;N;.;.;G;G;S;T;Y;L;I;D;S;G;K;.;D;R;F;N;T;S;R;D;N;A;K;N;T;L;H;L;Q;M;N;S;L;K;T;E;D;T;A;L;Y;*;C;T;R;
Homsap IGHV3-25*04 ORF;E;T;Q;L;V;E;S;G;G;.;G;L;A;K;P;G;R;S;P;R;L;S;C;A;A;S;Q;F;T;F;.;.;.;.;S;S;Y;Y;M;N;C;V;R;Q;A;P;G;N;G;L;E;L;V;G;Q;V;N;P;N;.;.;G;G;S;T;Y;L;I;D;S;G;K;.;D;R;F;N;T;S;R;D;N;A;K;N;T;L;H;L;Q;M;N;S;L;K;T;E;D;T;A;L;Y;Y;C;T;R;
Homsap IGHV3-25*05 P;E;M;Q;L;V;E;S;G;G;.;G;L;A;K;P;A;W;S;P;R;L;S;C;A;A;S;Q;F;T;F;.;.;.;.;S;S;Y;Y;M;N;C;V;R;Q;A;P;G;N;G;L;E;L;V;G;Q;V;N;P;N;.;.;G;G;S;T;Y;L;I;D;S;G;K;.;D;R;F;N;T;S;R;D;N;A;K;N;T;L;H;L;Q;M;N;S;L;K;T;E;D;T;A;L;Y;*;C;T;R;
Homsap IGHV3-29*01 P, or Homsap IGHV3-30-42*01 P;E;V;E;L;I;E;P;T;E;.;D;L;R;Q;P;G;K;F;L;R;L;S;C;V;A;S;R;F;A;F;.;.;.;.;S;S;F;*;M;S;P;V;H;Q;S;A;G;K;G;L;E;*;V;I;D;I;K;D;D;.;.;G;S;Q;I;H;H;A;D;S;V;K;.;G;R;F;S;I;S;K;D;N;A;K;N;S;L;Y;L;Q;M;N;S;Q;R;T;E;D;M;A;V;Y;G;C;T;*;G
Homsap IGHV3-30*01 F;Q;V;Q;L;V;E;S;G;G;.;G;V;V;Q;P;G;R;S;L;R;L;S;C;A;A;S;G;F;T;F;.;.;.;.;S;S;Y;A;M;H;W;V;R;Q;A;P;G;K;G;L;E;W;V;A;V;I;S;Y;D;.;.;G;S;N;K;Y;Y;A;D;S;V;K;.;G;R;F;T;I;S;R;D;N;S;K;N;T;L;Y;L;Q;M;N;S;L;R;A;E;D;T;A;V;Y;Y;C;A;R;
Homsap IGHV3-30*02 F, or Homsap IGHV3-30-5*02 F;Q;V;Q;L;V;E;S;G;G;.;G;V;V;Q;P;G;G;S;L;R;L;S;C;A;A;S;G;F;T;F;.;.;.;.;S;S;Y;G;M;H;W;V;R;Q;A;P;G;K;G;L;E;W;V;A;F;I;R;Y;D;.;.;G;S;N;K;Y;Y;A;D;S;V;K;.;G;R;F;T;I;S;R;D;N;S;K;N;T;L;Y;L;Q;M;N;S;L;R;A;E;D;T;A;V;Y;Y;C;A;K;
Homsap IGHV3-30*03 F, or Homsap IGHV3-30*18 F or Homsap IGHV3-30-5*01 F;Q;V;Q;L;V;E;S;G;G;.;G;V;V;Q;P;G;R;S;L;R;L;S;C;A;A;S;G;F;T;F;.;.;.;.;S;S;Y;G;M;H;W;V;R;Q;A;P;G;K;G;L;E;W;V;A;V;I;S;Y;D;.;.;G;S;N;K;Y;Y;A;D;S;V;K;.;G;R;F;T;I;S;R;D;N;S;K;N;T;L;Y;L;Q;M;N;S;L;R;A;E;D;T;A;V;Y;Y;C;A;R;
Homsap IGHV3-30*04 F, or Homsap IGHV3-30-3*03 F;Q;V;Q;L;V;E;S;G;G;.;G;V;V;Q;P;G;R;S;L;R;L;S;C;A;A;S;G;F;T;F;.;.;.;.;S;S;Y;A;M;H;W;V;R;Q;A;P;G;K;G;L;E;W;V;A;V;I;S;Y;D;.;.;G;S;N;K;Y;Y;A;D;S;V;K;.;G;R;F;T;I;S;R;D;N;S;K;N;T;L;Y;L;Q;M;N;S;L;R;A;E;D;T;A;V;Y;Y;C;A;R;
Homsap IGHV3-30*05 F;Q;V;Q;L;V;E;S;G;G;.;G;V;V;Q;P;G;R;S;L;R;L;S;C;A;A;S;G;F;T;F;.;.;.;.;S;S;Y;G;M;H;W;V;R;Q;A;P;G;K;G;L;E;W;V;A;V;I;S;Y;D;.;.;G;S;N;K;Y;Y;A;D;S;V;K;.;G;R;F;T;I;S;R;D;N;S;K;N;T;L;Y;L;Q;M;N;S;L;R;A;E;G;T;A;V;Y;Y;C;A;R;
Homsap IGHV3-30*06 F;Q;V;Q;L;V;E;S;G;G;.;G;V;V;Q;P;G;R;S;L;R;L;S;C;A;A;S;G;F;T;F;.;.;.;.;S;S;Y;G;M;H;W;V;R;Q;A;P;G;K;G;L;E;W;V;A;V;I;S;Y;D;.;.;G;S;N;K;Y;Y;A;D;S;V;K;.;G;R;F;T;I;S;R;D;N;S;K;N;T;L;Y;L;Q;M;N;S;L;R;A;E;D;T;A;V;Y;Y;C;A;R;
Homsap IGHV3-30*07 F;Q;V;Q;L;V;E;S;G;G;.;G;V;V;Q;P;G;R;S;L;R;L;S;C;A;A;S;G;F;T;F;.;.;.;.;S;S;Y;A;M;H;W;V;R;Q;A;P;G;K;G;L;E;W;V;A;V;I;S;Y;D;.;.;G;S;N;K;Y;Y;A;D;S;V;K;.;G;R;F;T;I;S;R;D;N;S;K;N;T;L;Y;L;Q;M;N;S;L;R;A;E;D;T;A;V;Y;Y;C;A;R;
Homsap IGHV3-30*08 F;Q;V;Q;L;V;D;S;G;G;.;G;V;V;Q;P;G;R;S;L;R;L;S;C;A;A;S;A;F;T;F;.;.;.;.;S;S;Y;A;M;H;W;V;R;Q;A;P;G;K;G;L;E;W;V;A;V;I;S;Y;D;.;.;G;S;N;K;Y;Y;A;D;S;V;K;.;G;R;F;T;I;S;R;D;N;S;K;N;T;L;Y;L;Q;M;N;S;L;R;A;E;D;T;A;V;Y;Y;C;A;R;
Homsap IGHV3-30*09 F;Q;V;Q;L;V;E;S;G;G;.;G;V;V;Q;P;G;R;S;L;R;L;S;C;A;A;S;G;F;T;F;.;.;.;.;S;S;Y;A;M;H;W;V;R;Q;A;P;G;K;G;L;E;W;V;A;V;I;S;Y;D;.;.;G;S;N;K;Y;Y;A;D;S;V;K;.;G;R;F;A;I;S;R;D;N;S;K;N;T;L;Y;L;Q;M;N;S;L;R;A;E;D;T;A;V;Y;Y;C;A;R;
Homsap IGHV3-30*10 F;Q;V;Q;L;V;E;S;G;G;.;G;V;V;Q;P;G;R;S;L;R;L;S;C;A;A;S;G;F;T;F;.;.;.;.;S;S;Y;A;M;H;W;V;R;Q;A;P;G;K;G;L;E;W;V;A;V;I;S;Y;D;.;.;G;S;N;K;Y;Y;T;D;S;V;K;.;G;R;F;T;I;S;R;D;N;S;K;N;T;L;Y;L;Q;M;N;S;L;R;A;E;D;T;A;V;Y;Y;C;A;R;
Homsap IGHV3-30*11 F;Q;V;Q;L;V;E;S;G;G;.;G;V;V;Q;P;G;R;S;L;R;L;S;C;A;A;S;G;F;T;F;.;.;.;.;S;S;Y;A;M;H;W;V;R;Q;A;P;G;K;G;L;E;W;V;A;V;I;S;Y;D;.;.;G;S;N;K;Y;Y;A;D;S;V;K;.;G;R;F;T;I;S;R;D;N;S;K;N;T;L;Y;L;Q;M;N;S;L;R;A;E;D;T;A;V;Y;Y;C;A;R;
Homsap IGHV3-30*12 F;Q;V;Q;L;V;E;S;G;G;.;G;V;V;Q;P;G;R;S;L;R;L;S;C;A;A;S;G;F;T;F;.;.;.;.;S;S;Y;G;M;H;W;V;R;Q;A;P;G;K;G;L;E;W;V;A;V;I;S;Y;D;.;.;G;S;N;K;Y;Y;A;D;S;V;K;.;G;R;F;T;I;S;R;D;N;S;K;N;T;L;Y;L;Q;M;N;S;L;R;A;E;D;T;A;V;Y;Y;C;A;R;
Homsap IGHV3-30*13 F;Q;V;Q;L;V;E;S;G;G;.;G;V;V;Q;P;G;R;S;L;R;L;S;C;A;A;S;G;F;T;F;.;.;.;.;S;S;Y;G;M;H;W;V;R;Q;A;P;G;K;G;L;E;W;V;A;V;I;S;Y;D;.;.;G;S;N;K;Y;Y;A;D;S;V;K;.;G;R;F;T;I;S;R;D;N;S;K;N;R;L;Y;L;Q;M;N;S;L;R;A;E;D;T;A;V;Y;Y;C;A;R;
Homsap IGHV3-30*14 F;Q;V;Q;L;V;E;S;G;G;.;G;V;V;Q;P;G;R;S;L;R;L;S;C;A;A;S;G;F;T;F;.;.;.;.;S;S;Y;A;M;H;W;V;R;Q;A;P;G;K;G;L;E;W;V;A;V;I;S;Y;D;.;.;G;S;N;K;Y;Y;A;D;S;V;K;.;G;R;F;T;I;S;R;D;N;S;K;N;T;L;Y;L;Q;M;N;S;L;R;A;E;D;T;A;V;Y;Y;C;A;R;
Homsap IGHV3-30*15 F;Q;V;Q;L;V;E;S;G;G;.;G;V;V;Q;P;G;R;S;L;R;L;S;C;A;A;S;G;F;T;F;.;.;.;.;S;S;Y;A;M;H;W;V;R;Q;A;P;G;K;G;L;E;W;V;A;V;I;S;Y;D;.;.;G;S;N;K;Y;Y;A;D;S;V;K;.;G;R;F;T;I;S;R;D;N;S;K;N;T;L;Y;L;Q;M;S;S;L;R;A;E;D;T;A;V;Y;Y;C;A;R;
Homsap IGHV3-30*16 F;Q;V;Q;L;V;E;S;G;G;.;G;V;V;Q;P;G;R;S;L;R;L;S;C;A;A;S;G;F;T;F;.;.;.;.;S;S;Y;A;M;H;W;V;R;Q;A;P;G;K;G;L;E;W;V;A;V;I;S;Y;D;.;.;G;S;N;K;Y;Y;A;D;S;V;K;.;G;R;F;T;I;S;R;D;N;S;K;N;T;L;Y;L;Q;M;N;S;L;R;A;E;D;T;A;V;Y;Y;C;A;R;
Homsap IGHV3-30*17 F;Q;V;Q;L;V;E;S;G;G;.;G;V;V;Q;P;G;R;S;L;R;L;S;C;A;A;S;G;F;T;F;.;.;.;.;S;S;Y;A;M;H;W;V;R;Q;A;P;G;K;G;L;E;W;V;A;V;I;S;Y;D;.;.;G;S;N;K;Y;Y;A;D;S;V;K;.;G;R;F;T;I;S;R;D;N;S;K;N;T;L;Y;L;Q;M;N;S;L;R;A;E;D;T;A;V;Y;Y;C;A;R;
Homsap IGHV3-30*03 F, or Homsap IGHV3-30*18 F or Homsap IGHV3-30-5*01 F;Q;V;Q;L;V;E;S;G;G;.;G;V;V;Q;P;G;R;S;L;R;L;S;C;A;A;S;G;F;T;F;.;.;.;.;S;S;Y;G;M;H;W;V;R;Q;A;P;G;K;G;L;E;W;V;A;V;I;S;Y;D;.;.;G;S;N;K;Y;Y;A;D;S;V;K;.;G;R;F;T;I;S;R;D;N;S;K;N;T;L;Y;L;Q;M;N;S;L;R;A;E;D;T;A;V;Y;Y;C;A;K;
Homsap IGHV3-30*19 F;Q;V;Q;L;V;E;S;G;G;.;G;V;V;Q;P;G;R;S;L;R;L;S;C;A;A;S;G;F;T;F;.;.;.;.;S;S;Y;G;M;H;W;V;R;Q;A;P;G;K;G;L;E;W;V;A;V;I;S;Y;D;.;.;G;S;N;K;Y;Y;A;D;S;V;K;.;G;R;F;T;I;S;R;D;N;S;K;N;T;L;Y;L;Q;M;N;S;L;R;A;E;D;T;A;V;Y;Y;C;A;R;
Homsap IGHV3-30-2*01 P, or Homsap IGHV3-30-52*01 P;E;V;Q;L;V;E;S;G;E;.;D;P;R;Q;P;G;G;S;L;R;L;S;C;A;D;S;G;L;T;F;.;.;.;.;S;S;Y;*;R;N;S;V;S;Q;A;P;G;K;G;L;E;*;V;V;D;I;Q;C;D;.;.;G;S;Q;I;C;Y;A;*;S;L;K;.;S;K;F;T;I;S;K;E;N;A;K;N;S;L;Y;L;L;M;N;S;L;R;A;A;G;T;A;V;C;Y;C;M;*;G
Homsap IGHV3-30-22*01 P;E;V;E;L;I;E;S;I;E;.;D;L;R;Q;P;G;K;F;L;R;L;S;C;V;A;S;R;F;A;F;.;.;.;.;S;S;F;*;M;S;R;V;H;Q;S;P;G;K;G;L;E;*;V;I;D;I;K;D;D;.;.;G;S;Q;I;H;H;A;D;S;V;K;.;G;R;F;S;I;S;K;D;N;A;K;N;S;L;Y;L;Q;M;N;S;Q;R;A;E;D;M;D;V;Y;G;C;T;*;G
Homsap IGHV3-30-3*01 F;Q;V;Q;L;V;E;S;G;G;.;G;V;V;Q;P;G;R;S;L;R;L;S;C;A;A;S;G;F;T;F;.;.;.;.;S;S;Y;A;M;H;W;V;R;Q;A;P;G;K;G;L;E;W;V;A;V;I;S;Y;D;.;.;G;S;N;K;Y;Y;A;D;S;V;K;.;G;R;F;T;I;S;R;D;N;S;K;N;T;L;Y;L;Q;M;N;S;L;R;A;E;D;T;A;V;Y;Y;C;A;R;
Homsap IGHV3-30-3*02 F;Q;V;Q;L;V;E;S;G;G;.;G;V;V;Q;P;G;R;S;L;R;L;S;C;A;A;S;G;F;T;F;.;.;.;.;S;S;Y;A;M;H;W;V;R;Q;A;P;G;K;G;L;E;W;V;A;V;I;S;Y;D;.;.;G;S;N;K;Y;Y;A;D;S;V;K;.;G;R;F;T;I;S;R;D;N;S;K;N;T;L;Y;L;Q;M;N;S;L;R;A;E;D;T;A;V;Y;Y;C;A;K;
Homsap IGHV3-30*04 F, or Homsap IGHV3-30-3*03 F;Q;V;Q;L;V;E;S;G;G;.;G;V;V;Q;P;G;R;S;L;R;L;S;C;A;A;S;G;F;T;F;.;.;.;.;S;S;Y;A;M;H;W;V;R;Q;A;P;G;K;G;L;E;W;V;A;V;I;S;Y;D;.;.;G;S;N;K;Y;Y;A;D;S;V;K;.;G;R;F;T;I;S;R;D;N;S;K;N;T;L;Y;L;Q;M;N;S;L;R;A;E;D;T;A;V;Y;Y;C;A;R;
Homsap IGHV3-30-33*01 P;E;V;Q;L;V;E;S;G;E;.;D;P;R;Q;P;G;G;S;L;R;L;S;C;A;D;S;G;L;T;F;.;.;.;.;S;S;Y;*;R;S;S;V;S;Q;A;P;G;K;G;L;E;*;V;V;D;I;Q;C;D;.;.;G;S;Q;I;C;Y;A;*;S;L;K;.;S;K;F;T;I;S;K;E;N;A;K;N;S;L;Y;L;L;M;N;S;L;R;A;E;G;T;A;V;C;Y;C;M;*;
Homsap IGHV3-29*01 P, or Homsap IGHV3-30-42*01 P;E;V;E;L;I;E;P;T;E;.;D;L;R;Q;P;G;K;F;L;R;L;S;C;V;A;S;R;F;A;F;.;.;.;.;S;S;F;*;M;S;P;V;H;Q;S;A;G;K;G;L;E;*;V;I;D;I;K;D;D;.;.;G;S;Q;I;H;H;A;D;S;V;K;.;G;R;F;S;I;S;K;D;N;A;K;N;S;L;Y;L;Q;M;N;S;Q;R;T;E;D;M;A;V;Y;G;C;T;*;G
Homsap IGHV3-30*03 F, or Homsap IGHV3-30*18 F or Homsap IGHV3-30-5*01 F;Q;V;Q;L;V;E;S;G;G;.;G;V;V;Q;P;G;R;S;L;R;L;S;C;A;A;S;G;F;T;F;.;.;.;.;S;S;Y;G;M;H;W;V;R;Q;A;P;G;K;G;L;E;W;V;A;V;I;S;Y;D;.;.;G;S;N;K;Y;Y;A;D;S;V;K;.;G;R;F;T;I;S;R;D;N;S;K;N;T;L;Y;L;Q;M;N;S;L;R;A;E;D;T;A;V;Y;Y;C;A;K;
Homsap IGHV3-30*02 F, or Homsap IGHV3-30-5*02 F;Q;V;Q;L;V;E;S;G;G;.;G;V;V;Q;P;G;G;S;L;R;L;S;C;A;A;S;G;F;T;F;.;.;.;.;S;S;Y;G;M;H;W;V;R;Q;A;P;G;K;G;L;E;W;V;A;F;I;R;Y;D;.;.;G;S;N;K;Y;Y;A;D;S;V;K;.;G;R;F;T;I;S;R;D;N;S;K;N;T;L;Y;L;Q;M;N;S;L;R;A;E;D;T;A;V;Y;Y;C;A;K;
Homsap IGHV3-30-2*01 P, or Homsap IGHV3-30-52*01 P;E;V;Q;L;V;E;S;G;E;.;D;P;R;Q;P;G;G;S;L;R;L;S;C;A;D;S;G;L;T;F;.;.;.;.;S;S;Y;*;R;N;S;V;S;Q;A;P;G;K;G;L;E;*;V;V;D;I;Q;C;D;.;.;G;S;Q;I;C;Y;A;*;S;L;K;.;S;K;F;T;I;S;K;E;N;A;K;N;S;L;Y;L;L;M;N;S;L;R;A;A;G;T;A;V;C;Y;C;M;*;
Homsap IGHV3-32*01 P;E;V;E;L;I;E;S;I;E;.;D;L;R;Q;P;G;K;F;L;R;L;S;C;V;A;S;R;F;A;F;.;.;.;.;S;S;F;*;M;S;R;V;H;Q;S;P;G;K;G;L;E;*;V;I;D;I;K;D;D;.;.;G;S;Q;I;H;H;A;D;S;V;K;.;G;R;F;S;I;S;K;D;N;A;K;N;S;L;Y;L;Q;M;N;T;Q;R;A;E;D;V;A;V;Y;G;Y;T;*;G
Homsap IGHV3-33*01 F, or Homsap IGHV3-33*06 F;Q;V;Q;L;V;E;S;G;G;.;G;V;V;Q;P;G;R;S;L;R;L;S;C;A;A;S;G;F;T;F;.;.;.;.;S;S;Y;G;M;H;W;V;R;Q;A;P;G;K;G;L;E;W;V;A;V;I;W;Y;D;.;.;G;S;N;K;Y;Y;A;D;S;V;K;.;G;R;F;T;I;S;R;D;N;S;K;N;T;L;Y;L;Q;M;N;S;L;R;A;E;D;T;A;V;Y;Y;C;A;R;
Homsap IGHV3-33*02 F;Q;V;Q;L;V;E;S;G;G;.;G;V;V;Q;P;G;R;S;L;R;L;S;C;A;A;S;G;F;T;F;.;.;.;.;S;S;Y;G;M;H;W;V;R;Q;A;P;G;K;G;L;E;W;V;A;V;I;W;Y;D;.;.;G;S;N;K;Y;Y;A;D;S;A;K;.;G;R;F;T;I;S;R;D;N;S;T;N;T;L;F;L;Q;M;N;S;L;R;A;E;D;T;A;V;Y;Y;C;A;R;
Homsap IGHV3-33*03 F;Q;V;Q;L;V;E;S;G;G;.;G;V;V;Q;P;G;R;S;L;R;L;S;C;A;A;S;G;F;T;F;.;.;.;.;S;S;Y;G;M;H;W;V;R;Q;A;P;G;K;G;L;E;W;V;A;V;I;W;Y;D;.;.;G;S;N;K;Y;Y;A;D;S;V;K;.;G;R;F;T;I;S;R;D;N;S;K;N;T;L;Y;L;Q;M;N;S;L;R;A;E;D;T;A;V;Y;Y;C;A;K;
Homsap IGHV3-33*04 F;Q;V;Q;L;V;E;S;G;G;.;G;V;V;Q;P;G;R;S;L;R;L;S;C;A;A;S;G;F;T;F;.;.;.;.;S;S;Y;G;M;H;W;V;R;Q;A;P;G;K;G;L;E;W;V;A;V;I;W;Y;D;.;.;G;S;N;K;Y;Y;A;D;S;V;K;.;G;R;F;T;I;S;R;D;N;S;K;N;T;L;Y;L;Q;M;N;S;L;R;A;E;D;T;A;V;Y;Y;C;A;R;
Homsap IGHV3-33*05 F;Q;V;Q;L;V;E;S;G;G;.;G;V;V;Q;P;G;R;S;L;R;L;S;C;A;A;S;G;F;T;F;.;.;.;.;S;S;Y;G;M;H;W;V;R;Q;A;P;G;K;G;L;E;W;V;A;V;I;S;Y;D;.;.;G;S;N;K;Y;Y;A;D;S;V;K;.;G;R;F;T;I;S;R;D;N;S;K;N;T;L;Y;L;Q;M;N;S;L;R;A;E;D;T;A;V;Y;Y;C;A;R;
Homsap IGHV3-33*01 F, or Homsap IGHV3-33*06 F;Q;V;Q;L;V;E;S;G;G;.;G;V;V;Q;P;G;R;S;L;R;L;S;C;A;A;S;G;F;T;F;.;.;.;.;S;S;Y;G;M;H;W;V;R;Q;A;P;G;K;G;L;E;W;V;A;V;I;W;Y;D;.;.;G;S;N;K;Y;Y;A;D;S;V;K;.;G;R;F;T;I;S;R;D;N;S;K;N;T;L;Y;L;Q;M;N;S;L;R;A;E;D;T;A;V;Y;Y;C;A;K;
Homsap IGHV3-33-2*01 P;E;V;Q;L;V;E;S;G;E;.;D;P;R;Q;P;G;G;S;L;R;L;S;C;A;D;S;G;L;T;F;.;.;.;.;S;S;Y;*;M;S;S;V;S;Q;A;P;G;K;G;L;E;*;V;V;D;I;Q;C;D;.;.;G;S;Q;I;C;Y;A;Q;S;V;K;.;S;K;F;T;I;S;K;E;N;A;K;N;S;L;Y;L;Q;M;N;S;L;R;A;E;G;T;A;V;C;Y;C;M;*;G
Homsap IGHV3-35*01 ORF;E;V;Q;L;V;E;S;G;G;.;G;L;V;Q;P;G;G;S;L;R;L;S;C;A;A;S;G;F;T;F;.;.;.;.;S;N;S;D;M;N;W;V;H;Q;A;P;G;K;G;L;E;W;V;S;G;V;S;W;N;.;.;G;S;R;T;H;Y;A;D;S;V;K;.;G;R;F;I;I;S;R;D;N;S;R;N;T;L;Y;L;Q;T;N;S;L;R;A;E;D;T;A;V;Y;Y;C;V;R;
Homsap IGHV3-38*01 ORF;E;V;Q;L;V;E;S;G;G;.;G;L;V;Q;P;R;G;S;L;R;L;S;C;A;A;S;G;F;T;V;.;.;.;.;S;S;N;E;M;S;W;I;R;Q;A;P;G;K;G;L;E;W;V;S;S;I;S;G;.;.;.;.;G;S;T;Y;Y;A;D;S;R;K;.;G;R;F;T;I;S;R;D;N;S;K;N;T;L;Y;L;Q;M;N;N;L;R;A;E;G;T;A;A;Y;Y;C;A;R;Y
Homsap IGHV3-38*02 ORF;E;V;Q;L;V;E;S;G;G;.;G;L;V;Q;P;R;G;S;L;R;L;S;C;A;A;S;G;F;T;V;.;.;.;.;S;S;N;E;M;S;W;I;R;Q;A;P;G;K;G;L;E;W;V;S;S;I;S;G;.;.;.;.;G;S;T;Y;Y;A;D;S;R;K;.;G;R;F;T;I;S;R;D;N;S;K;N;T;L;Y;L;Q;M;N;N;L;R;A;E;G;T;A;V;Y;Y;C;A;R;Y
Homsap IGHV3-38*03 ORF;E;V;Q;L;V;E;S;G;G;.;G;L;V;Q;P;R;G;S;L;R;L;S;C;A;A;S;G;F;T;V;.;.;.;.;S;S;N;E;M;S;W;I;R;Q;A;P;G;K;G;L;E;W;V;S;S;I;S;G;.;.;.;.;G;S;T;Y;Y;A;D;S;R;K;.;G;R;F;T;I;S;R;D;N;S;K;N;T;L;Y;L;Q;M;N;N;L;R;A;E;G;T;A;V;Y;Y;C;A;R;Y
Homsap IGHV3-38-3*01 ORF;E;V;Q;L;V;E;S;R;G;.;V;L;V;Q;P;G;G;S;L;R;L;S;C;A;A;S;G;F;T;V;.;.;.;.;S;S;N;E;M;S;W;V;R;Q;A;P;G;K;G;L;E;W;V;S;S;I;S;G;.;.;.;.;G;S;T;Y;Y;A;D;S;R;K;.;G;R;F;T;I;S;R;D;N;S;K;N;T;L;H;L;Q;M;N;S;L;R;A;E;D;T;A;V;Y;Y;C;K;K;
Homsap IGHV3-43*01 F;E;V;Q;L;V;E;S;G;G;.;V;V;V;Q;P;G;G;S;L;R;L;S;C;A;A;S;G;F;T;F;.;.;.;.;D;D;Y;T;M;H;W;V;R;Q;A;P;G;K;G;L;E;W;V;S;L;I;S;W;D;.;.;G;G;S;T;Y;Y;A;D;S;V;K;.;G;R;F;T;I;S;R;D;N;S;K;N;S;L;Y;L;Q;M;N;S;L;R;T;E;D;T;A;L;Y;Y;C;A;K;D
Homsap IGHV3-43*02 F;E;V;Q;L;V;E;S;G;G;.;G;V;V;Q;P;G;G;S;L;R;L;S;C;A;A;S;G;F;T;F;.;.;.;.;D;D;Y;A;M;H;W;V;R;Q;A;P;G;K;G;L;E;W;V;S;L;I;S;G;D;.;.;G;G;S;T;Y;Y;A;D;S;V;K;.;G;R;F;T;I;S;R;D;N;S;K;N;S;L;Y;L;Q;M;N;S;L;R;T;E;D;T;A;L;Y;Y;C;A;K;D
Homsap IGHV3-43D*01 F;E;V;Q;L;V;E;S;G;G;.;V;V;V;Q;P;G;G;S;L;R;L;S;C;A;A;S;G;F;T;F;.;.;.;.;D;D;Y;A;M;H;W;V;R;Q;A;P;G;K;G;L;E;W;V;S;L;I;S;W;D;.;.;G;G;S;T;Y;Y;A;D;S;V;K;.;G;R;F;T;I;S;R;D;N;S;K;N;S;L;Y;L;Q;M;N;S;L;R;A;E;D;T;A;L;Y;Y;C;A;K;D
Homsap IGHV3-47*01 P;E;D;Q;L;V;E;S;G;G;.;G;L;V;Q;P;G;G;S;L;R;P;S;C;A;A;S;G;F;A;F;.;.;.;.;S;S;Y;A;L;H;W;V;R;R;A;P;G;K;G;L;E;W;V;S;A;I;G;T;G;.;.;.;G;D;T;Y;Y;A;D;S;V;M;.;G;R;F;T;I;S;R;D;N;A;K;K;S;L;Y;L;H;M;N;S;L;I;A;E;D;M;A;V;Y;Y;C;A;R;
Homsap IGHV3-47*02 P;E;D;Q;L;V;E;S;G;G;.;G;L;V;Q;P;G;G;S;L;R;P;S;C;A;A;S;G;F;A;F;.;.;.;.;S;S;Y;V;L;H;W;V;R;R;A;P;G;K;G;P;E;W;V;S;A;I;G;T;G;.;.;.;G;D;T;Y;Y;A;D;S;V;M;.;G;R;F;T;I;S;R;D;N;A;K;K;S;L;Y;L;Q;M;N;S;L;I;A;E;D;M;A;V;Y;Y;C;A;R;
Homsap IGHV3-48*01 F;E;V;Q;L;V;E;S;G;G;.;G;L;V;Q;P;G;G;S;L;R;L;S;C;A;A;S;G;F;T;F;.;.;.;.;S;S;Y;S;M;N;W;V;R;Q;A;P;G;K;G;L;E;W;V;S;Y;I;S;S;S;.;.;S;S;T;I;Y;Y;A;D;S;V;K;.;G;R;F;T;I;S;R;D;N;A;K;N;S;L;Y;L;Q;M;N;S;L;R;A;E;D;T;A;V;Y;Y;C;A;R;
Homsap IGHV3-48*02 F;E;V;Q;L;V;E;S;G;G;.;G;L;V;Q;P;G;G;S;L;R;L;S;C;A;A;S;G;F;T;F;.;.;.;.;S;S;Y;S;M;N;W;V;R;Q;A;P;G;K;G;L;E;W;V;S;Y;I;S;S;S;.;.;S;S;T;I;Y;Y;A;D;S;V;K;.;G;R;F;T;I;S;R;D;N;A;K;N;S;L;Y;L;Q;M;N;S;L;R;D;E;D;T;A;V;Y;Y;C;A;R;
Homsap IGHV3-48*03 F;E;V;Q;L;V;E;S;G;G;.;G;L;V;Q;P;G;G;S;L;R;L;S;C;A;A;S;G;F;T;F;.;.;.;.;S;S;Y;E;M;N;W;V;R;Q;A;P;G;K;G;L;E;W;V;S;Y;I;S;S;S;.;.;G;S;T;I;Y;Y;A;D;S;V;K;.;G;R;F;T;I;S;R;D;N;A;K;N;S;L;Y;L;Q;M;N;S;L;R;A;E;D;T;A;V;Y;Y;C;A;R;
Homsap IGHV3-48*04 F;E;V;Q;L;V;E;S;G;G;.;G;L;V;Q;P;G;G;S;L;R;L;S;C;A;A;S;G;F;T;F;.;.;.;.;S;S;Y;S;M;N;W;V;R;Q;A;P;G;K;G;L;E;W;V;S;Y;I;S;S;S;.;.;S;S;T;I;Y;Y;A;D;S;V;K;.;G;R;F;T;I;S;R;D;N;A;K;N;S;L;Y;L;Q;M;N;S;L;R;A;E;D;T;A;V;Y;Y;C;A;R;
Homsap IGHV3-49*01 F;E;V;Q;L;V;E;S;G;G;.;G;L;V;Q;P;G;R;S;L;R;L;S;C;T;A;S;G;F;T;F;.;.;.;.;G;D;Y;A;M;S;W;F;R;Q;A;P;G;K;G;L;E;W;V;G;F;I;R;S;K;A;Y;G;G;T;T;E;Y;T;A;S;V;K;.;G;R;F;T;I;S;R;D;G;S;K;S;I;A;Y;L;Q;M;N;S;L;K;T;E;D;T;A;V;Y;Y;C;T;R;
Homsap IGHV3-49*02 F;E;V;Q;L;V;E;S;G;G;.;G;L;V;Q;P;G;P;S;L;R;L;S;C;T;A;S;G;F;T;F;.;.;.;.;G;Y;Y;P;M;S;W;V;R;Q;A;P;G;K;G;L;E;W;V;G;F;I;R;S;K;A;Y;G;G;T;T;E;Y;A;A;S;V;K;.;G;R;F;T;I;S;R;D;D;S;K;S;I;A;Y;L;Q;M;N;S;L;K;T;E;D;T;A;V;Y;Y;C;T;R;
Homsap IGHV3-49*03 F;E;V;Q;L;V;E;S;G;G;.;G;L;V;Q;P;G;R;S;L;R;L;S;C;T;A;S;G;F;T;F;.;.;.;.;G;D;Y;A;M;S;W;F;R;Q;A;P;G;K;G;L;E;W;V;G;F;I;R;S;K;A;Y;G;G;T;T;E;Y;A;A;S;V;K;.;G;R;F;T;I;S;R;D;D;S;K;S;I;A;Y;L;Q;M;N;S;L;K;T;E;D;T;A;V;Y;Y;C;T;R;
Homsap IGHV3-49*04 F;E;V;Q;L;V;E;S;G;G;.;G;L;V;Q;P;G;R;S;L;R;L;S;C;T;A;S;G;F;T;F;.;.;.;.;G;D;Y;A;M;S;W;V;R;Q;A;P;G;K;G;L;E;W;V;G;F;I;R;S;K;A;Y;G;G;T;T;E;Y;A;A;S;V;K;.;G;R;F;T;I;S;R;D;D;S;K;S;I;A;Y;L;Q;M;N;S;L;K;T;E;D;T;A;V;Y;Y;C;T;R;
Homsap IGHV3-49*05 F;E;V;Q;L;V;E;S;G;G;.;G;L;V;K;P;G;R;S;L;R;L;S;C;T;A;S;G;F;T;F;.;.;.;.;G;D;Y;A;M;S;W;F;R;Q;A;P;G;K;G;L;E;W;V;G;F;I;R;S;K;A;Y;G;G;T;T;E;Y;A;A;S;V;K;.;G;R;F;T;I;S;R;D;D;S;K;S;I;A;Y;L;Q;M;N;S;L;K;T;E;D;T;A;V;Y;Y;C;T;R;
Homsap IGHV3-52*01 P;E;V;Q;L;V;E;S;G;*;.;G;L;V;Q;P;G;G;S;L;R;L;S;C;A;A;S;G;F;T;F;.;.;.;.;S;S;S;W;M;H;W;V;C;Q;A;P;E;K;G;L;E;W;V;A;D;I;K;C;D;.;.;G;S;E;K;Y;Y;V;D;S;V;K;.;G;R;L;T;I;S;R;D;N;A;K;N;S;L;Y;L;Q;V;N;S;L;R;A;E;D;M;T;V;Y;Y;C;V;R;
Homsap IGHV3-52*02 P;E;V;Q;L;V;E;S;G;*;.;G;L;V;Q;P;G;G;S;L;R;L;S;C;A;A;S;G;F;T;F;.;.;.;.;S;S;S;W;M;H;W;V;C;Q;A;P;E;K;G;Q;E;W;V;A;D;I;K;C;D;.;.;G;S;E;K;Y;Y;V;D;S;V;K;.;G;R;L;T;I;S;R;D;N;A;K;N;S;L;Y;L;Q;V;N;S;L;R;A;E;D;M;T;V;Y;Y;C;V;R;
Homsap IGHV3-52*03 P;E;V;Q;L;V;E;S;G;*;.;G;L;V;Q;P;G;G;S;L;R;L;S;C;A;A;S;G;F;T;F;.;.;.;.;S;S;S;W;M;H;W;V;C;Q;A;P;E;K;G;L;E;W;V;A;D;I;K;C;D;.;.;G;S;E;K;Y;Y;V;D;S;V;K;.;G;R;L;T;I;S;R;D;N;A;K;N;S;L;Y;L;Q;V;N;S;L;R;A;E;D;M;T;V;Y;Y;C;V;R;
Homsap IGHV3-53*01 F;E;V;Q;L;V;E;S;G;G;.;G;L;I;Q;P;G;G;S;L;R;L;S;C;A;A;S;G;F;T;V;.;.;.;.;S;S;N;Y;M;S;W;V;R;Q;A;P;G;K;G;L;E;W;V;S;V;I;Y;S;G;.;.;.;G;S;T;Y;Y;A;D;S;V;K;.;G;R;F;T;I;S;R;D;N;S;K;N;T;L;Y;L;Q;M;N;S;L;R;A;E;D;T;A;V;Y;Y;C;A;R;
Homsap IGHV3-53*02 F;E;V;Q;L;V;E;T;G;G;.;G;L;I;Q;P;G;G;S;L;R;L;S;C;A;A;S;G;F;T;V;.;.;.;.;S;S;N;Y;M;S;W;V;R;Q;A;P;G;K;G;L;E;W;V;S;V;I;Y;S;G;.;.;.;G;S;T;Y;Y;A;D;S;V;K;.;G;R;F;T;I;S;R;D;N;S;K;N;T;L;Y;L;Q;M;N;S;L;R;A;E;D;T;A;V;Y;Y;C;A;R;
Homsap IGHV3-53*03 F;E;V;Q;L;V;E;S;G;G;.;G;L;I;Q;P;G;G;S;L;R;L;S;C;A;A;S;G;F;T;V;.;.;.;.;S;S;N;Y;M;S;W;V;R;Q;P;P;G;K;G;L;E;W;V;S;V;I;Y;S;G;.;.;.;G;S;T;Y;Y;A;D;S;V;K;.;G;R;F;T;I;S;R;D;N;S;K;N;T;L;Y;L;Q;M;N;S;L;R;A;E;D;T;A;V;Y;Y;C;A;R;
Homsap IGHV3-53*04 F;E;V;Q;L;V;E;S;G;G;.;G;L;V;Q;P;G;G;S;L;R;L;S;C;A;A;S;G;F;T;V;.;.;.;.;S;S;N;Y;M;S;W;V;R;Q;A;P;G;K;G;L;E;W;V;S;V;I;Y;S;G;.;.;.;G;S;T;Y;Y;A;D;S;V;K;.;G;R;F;T;I;S;R;H;N;S;K;N;T;L;Y;L;Q;M;N;S;L;R;A;E;D;T;A;V;Y;Y;C;A;R;
Homsap IGHV3-54*01 P;E;V;Q;L;V;E;S;E;E;.;N;Q;R;Q;L;G;G;S;L;R;L;S;C;A;D;S;G;L;T;F;.;.;.;.;S;S;Y;*;M;S;S;D;S;Q;A;P;G;K;G;L;E;*;V;V;D;I;*;*;D;.;.;R;S;Q;L;C;Y;A;Q;S;V;K;.;S;R;F;T;I;S;K;E;N;A;K;N;S;L;C;L;Q;M;N;S;L;R;A;E;G;T;A;V;Y;Y;C;M;*;
Homsap IGHV3-54*02 P;E;V;Q;L;V;E;S;E;E;.;N;Q;R;Q;L;G;G;S;L;R;L;S;C;A;D;S;G;L;T;F;.;.;.;.;S;S;Y;*;M;S;S;D;S;Q;A;P;G;K;G;L;E;*;V;V;D;I;*;Y;D;.;.;R;S;Q;I;C;Y;A;Q;S;V;K;.;S;R;F;T;I;S;K;E;N;A;K;N;S;L;R;L;Q;M;N;S;L;R;A;E;G;T;A;V;Y;Y;C;M;*;
Homsap IGHV3-54*04 P;E;V;Q;L;V;E;S;E;E;.;N;Q;R;Q;L;G;G;S;L;R;L;S;C;A;D;S;G;L;T;F;.;.;.;.;S;S;Y;*;M;S;S;D;S;Q;A;P;G;K;G;L;E;*;V;V;D;I;*;*;D;.;.;R;S;Q;L;C;Y;A;Q;S;V;K;.;S;R;F;T;I;S;K;E;N;A;K;N;S;L;C;L;Q;M;N;S;L;R;A;E;G;T;A;V;Y;Y;C;M;*;
Homsap IGHV3-62*01 P;E;V;Q;L;V;E;S;G;E;.;G;L;V;Q;P;G;G;S;L;R;L;S;C;A;A;S;G;F;T;F;.;.;.;.;S;S;S;A;M;H;W;V;R;Q;A;P;R;K;G;L;*;W;V;S;V;I;S;T;S;.;.;G;D;T;V;L;Y;T;D;S;V;K;.;G;R;F;T;I;S;R;D;N;A;Q;N;S;L;S;L;Q;M;N;S;L;R;A;E;G;T;V;V;Y;Y;C;V;K;
Homsap IGHV3-63*01 P;E;V;E;L;I;E;S;I;E;.;G;L;R;Q;L;G;K;F;L;R;L;S;C;V;A;S;G;F;T;F;.;.;.;.;S;S;Y;*;M;S;W;V;N;E;T;L;G;K;G;L;E;G;V;I;D;V;K;Y;D;.;.;G;S;Q;I;Y;H;A;D;S;V;K;.;G;R;F;T;I;S;K;D;N;A;K;N;S;P;Y;L;Q;T;N;S;L;R;A;E;D;M;T;M;H;G;C;T;*;G
Homsap IGHV3-63*02 P;E;V;E;L;I;E;S;I;E;.;G;L;R;Q;L;G;K;F;L;R;L;S;C;V;A;S;G;F;T;F;.;.;.;.;S;S;Y;*;M;S;W;V;N;E;T;L;G;K;G;L;E;G;V;I;D;V;K;Y;D;.;.;G;S;Q;I;Y;H;A;D;S;V;K;.;G;R;F;T;I;S;K;D;N;A;K;N;S;P;Y;L;Q;T;N;S;L;R;A;E;D;M;T;M;H;G;C;T;*;
Homsap IGHV3-64*01 F;E;V;Q;L;V;E;S;G;G;.;G;L;V;Q;P;G;G;S;L;R;L;S;C;A;A;S;G;F;T;F;.;.;.;.;S;S;Y;A;M;H;W;V;R;Q;A;P;G;K;G;L;E;Y;V;S;A;I;S;S;N;.;.;G;G;S;T;Y;Y;A;N;S;V;K;.;G;R;F;T;I;S;R;D;N;S;K;N;T;L;Y;L;Q;M;G;S;L;R;A;E;D;M;A;V;Y;Y;C;A;R;
Homsap IGHV3-64*02 F;E;V;Q;L;V;E;S;G;E;.;G;L;V;Q;P;G;G;S;L;R;L;S;C;A;A;S;G;F;T;F;.;.;.;.;S;S;Y;A;M;H;W;V;R;Q;A;P;G;K;G;L;E;Y;V;S;A;I;S;S;N;.;.;G;G;S;T;Y;Y;A;D;S;V;K;.;G;R;F;T;I;S;R;D;N;S;K;N;T;L;Y;L;Q;M;G;S;L;R;A;E;D;M;A;V;Y;Y;C;A;R;
Homsap IGHV3-64*03 F;E;V;Q;L;V;E;S;G;G;.;G;L;V;Q;P;G;G;S;L;R;L;S;C;S;A;S;G;F;T;F;.;.;.;.;S;S;Y;A;M;H;W;V;R;Q;A;P;G;K;G;L;E;Y;V;S;A;I;S;S;N;.;.;G;G;S;T;Y;Y;A;D;S;V;K;.;G;R;F;T;I;S;R;D;N;S;K;N;T;L;Y;V;Q;M;S;S;L;R;A;E;D;T;A;V;Y;Y;C;V;K;
Homsap IGHV3-64*04 F;Q;V;Q;L;V;E;S;G;G;.;G;L;V;Q;P;G;G;S;L;R;L;S;C;S;A;S;G;F;T;F;.;.;.;.;S;S;Y;A;M;H;W;V;R;Q;A;P;G;K;G;L;E;Y;V;S;A;I;S;S;N;.;.;G;G;S;T;Y;Y;A;D;S;V;K;.;G;R;F;T;I;S;R;D;N;S;K;N;T;L;Y;L;Q;M;N;S;L;R;A;E;D;T;A;V;Y;Y;C;A;R;
Homsap IGHV3-64*05 F;E;V;Q;L;V;E;S;G;G;.;G;L;V;Q;P;G;G;S;L;R;L;S;C;S;A;S;G;F;T;F;.;.;.;.;S;S;Y;A;M;H;W;V;R;Q;A;P;G;K;G;L;E;Y;V;S;A;I;S;S;N;.;.;G;G;S;T;Y;Y;A;D;S;V;K;.;G;R;F;T;I;S;R;D;N;S;K;N;T;L;Y;V;Q;M;S;S;L;R;A;E;D;T;A;V;Y;Y;C;V;K;
Homsap IGHV3-64D*06 F;E;V;Q;L;V;E;S;G;G;.;G;L;V;Q;P;G;G;S;L;R;L;S;C;S;A;S;G;F;T;F;.;.;.;.;S;S;Y;A;M;H;W;V;R;Q;A;P;G;K;G;L;E;Y;V;S;A;I;S;S;N;.;.;G;G;S;T;Y;Y;A;D;S;V;K;.;G;R;F;T;I;S;R;D;N;S;K;N;T;L;Y;L;Q;M;S;S;L;R;A;E;D;T;A;V;Y;Y;C;V;K;
Homsap IGHV3-66*01 F, or Homsap IGHV3-66*04 F;E;V;Q;L;V;E;S;G;G;.;G;L;V;Q;P;G;G;S;L;R;L;S;C;A;A;S;G;F;T;V;.;.;.;.;S;S;N;Y;M;S;W;V;R;Q;A;P;G;K;G;L;E;W;V;S;V;I;Y;S;G;.;.;.;G;S;T;Y;Y;A;D;S;V;K;.;G;R;F;T;I;S;R;D;N;S;K;N;T;L;Y;L;Q;M;N;S;L;R;A;E;D;T;A;V;Y;Y;C;A;R;
Homsap IGHV3-66*02 F;E;V;Q;L;V;E;S;G;G;.;G;L;V;Q;P;G;G;S;L;R;L;S;C;A;A;S;G;F;T;V;.;.;.;.;S;S;N;Y;M;S;W;V;R;Q;A;P;G;K;G;L;E;W;V;S;V;I;Y;S;G;.;.;.;G;S;T;Y;Y;A;D;S;V;K;.;G;R;F;T;I;S;R;D;N;S;K;N;T;L;Y;L;Q;M;N;S;L;R;A;E;D;T;A;V;Y;Y;C;A;R;
Homsap IGHV3-66*03 F;E;V;Q;L;V;E;S;G;G;.;G;L;I;Q;P;G;G;S;L;R;L;S;C;A;A;S;G;F;T;V;.;.;.;.;S;S;N;Y;M;S;W;V;R;Q;A;P;G;K;G;L;E;W;V;S;V;I;Y;S;C;.;.;.;G;S;T;Y;Y;A;D;S;V;K;.;G;R;F;T;I;S;R;D;N;S;K;N;T;L;Y;L;Q;M;N;S;L;R;A;E;D;T;A;V;Y;Y;C;A;R;
Homsap IGHV3-66*01 F, or Homsap IGHV3-66*04 F;E;V;Q;L;V;E;S;G;G;.;G;L;V;Q;P;G;G;S;L;R;L;S;C;A;A;S;G;F;T;V;.;.;.;.;S;S;N;Y;M;S;W;V;R;Q;A;P;G;K;G;L;E;W;V;S;V;I;Y;S;G;.;.;.;G;S;T;Y;Y;A;D;S;V;K;.;G;R;F;T;I;S;R;D;N;S;K;N;T;L;Y;L;Q;M;N;S;L;R;A;E;D;T;A;V;Y;Y;C;A;R;
Homsap IGHV3-69-1*01 P;E;V;Q;L;V;E;S;G;G;.;G;L;V;K;P;G;G;S;L;R;L;S;C;A;A;S;G;F;T;F;.;.;.;.;S;D;Y;Y;M;N;W;V;R;Q;A;P;G;K;G;L;E;W;V;S;S;I;S;S;S;.;.;.;S;T;I;Y;Y;A;D;S;V;K;.;G;R;F;T;I;S;R;D;N;A;K;N;S;L;Y;L;Q;M;N;S;L;R;A;E;D;T;A;V;Y;Y;C;A;R;
Homsap IGHV3-69-1*02 P;E;V;Q;L;V;E;S;G;G;.;G;L;V;K;P;G;G;S;L;R;L;S;C;A;A;S;G;F;T;F;.;.;.;.;S;D;Y;Y;M;N;W;V;R;Q;A;P;G;K;G;L;E;W;V;S;S;I;S;S;S;.;.;.;S;T;I;Y;Y;A;D;S;V;K;.;G;R;F;T;I;S;R;D;N;A;K;N;S;L;Y;L;Q;M;N;S;L;R;A;E;D;T;A;V;Y;Y;C;A;R;
Homsap IGHV3-7*01 F;E;V;Q;L;V;E;S;G;G;.;G;L;V;Q;P;G;G;S;L;R;L;S;C;A;A;S;G;F;T;F;.;.;.;.;S;S;Y;W;M;S;W;V;R;Q;A;P;G;K;G;L;E;W;V;A;N;I;K;Q;D;.;.;G;S;E;K;Y;Y;V;D;S;V;K;.;G;R;F;T;I;S;R;D;N;A;K;N;S;L;Y;L;Q;M;N;S;L;R;A;E;D;T;A;V;Y;Y;C;A;R;
Homsap IGHV3-7*02 F;E;V;Q;L;V;E;S;G;G;.;G;L;V;Q;P;G;G;S;L;R;L;S;C;A;A;S;G;F;T;F;.;.;.;.;S;S;Y;W;M;S;W;V;R;Q;A;P;G;K;G;L;E;W;V;A;N;I;K;Q;D;.;.;G;S;E;K;Y;Y;V;D;S;V;K;.;G;R;F;T;I;S;R;D;N;A;K;N;S;L;Y;L;Q;M;N;S;L;R;A;E;D;T;A;V;Y;Y;C;A;R;
Homsap IGHV3-7*03 F;E;V;Q;L;V;E;S;G;G;.;G;L;V;Q;P;G;G;S;L;R;L;S;C;A;A;S;G;F;T;F;.;.;.;.;S;S;Y;W;M;S;W;V;R;Q;A;P;G;K;G;L;E;W;V;A;N;I;K;Q;D;.;.;G;S;E;K;Y;Y;V;D;S;V;K;.;G;R;F;T;I;S;R;D;N;A;K;N;S;L;Y;L;Q;M;N;S;L;R;A;E;D;T;A;V;Y;Y;C;A;R;
Homsap IGHV3-71*01 P;E;V;Q;L;V;E;S;G;G;.;G;L;V;Q;P;G;G;S;L;R;L;S;C;A;A;S;G;F;T;F;.;.;.;.;S;D;Y;Y;M;S;W;V;R;Q;A;P;G;K;G;L;E;W;V;G;F;I;R;N;K;A;N;G;G;T;T;E;*;T;T;S;V;K;.;G;R;F;T;I;S;R;D;D;S;K;S;I;T;Y;L;Q;M;N;S;L;R;A;E;D;T;A;V;Y;Y;C;A;R;
Homsap IGHV3-71*02 P;E;V;Q;L;V;E;S;G;G;.;G;L;V;Q;P;G;G;S;L;R;L;S;C;A;A;S;G;F;T;F;.;.;.;.;S;D;Y;Y;M;S;W;V;R;Q;A;P;G;K;G;L;E;W;V;G;F;I;R;N;K;A;N;G;G;T;T;E;*;T;T;S;V;K;.;G;R;F;T;I;S;R;D;D;S;K;S;I;T;Y;L;Q;M;N;S;L;R;A;E;D;M;A;V;Y;Y;C;A;R;
Homsap IGHV3-71*03 P;E;V;Q;L;V;E;S;G;G;.;G;L;V;Q;P;G;G;S;L;R;L;S;C;A;A;S;G;F;T;F;.;.;.;.;S;D;Y;Y;M;S;W;V;R;Q;A;P;G;K;G;L;E;W;V;G;F;I;R;N;K;A;N;G;G;T;T;E;*;T;T;S;V;K;.;G;R;F;T;I;S;R;D;D;S;K;S;I;T;Y;L;Q;M;N;S;L;R;A;E;D;T;A;V;Y;Y;C;A;R;
Homsap IGHV3-72*01 F;E;V;Q;L;V;E;S;G;G;.;G;L;V;Q;P;G;G;S;L;R;L;S;C;A;A;S;G;F;T;F;.;.;.;.;S;D;H;Y;M;D;W;V;R;Q;A;P;G;K;G;L;E;W;V;G;R;T;R;N;K;A;N;S;Y;T;T;E;Y;A;A;S;V;K;.;G;R;F;T;I;S;R;D;D;S;K;N;S;L;Y;L;Q;M;N;S;L;K;T;E;D;T;A;V;Y;Y;C;A;R;
Homsap IGHV3-72*02 F;.;.;.;.;.;.;.;.;.;.;.;.;.;.;.;.;.;.;.;.;.;.;.;.;.;.;.;.;T;F;.;.;.;.;S;D;H;Y;M;D;W;V;R;Q;A;P;G;K;G;L;E;W;V;G;R;T;R;N;K;A;N;S;Y;T;T;E;Y;A;A;S;V;K;.;G;R;F;T;I;S;R;D;D;S;K;N;S;L;Y;;;;;;;;;;;;;;;;;;;
Homsap IGHV3-73*01 F;E;V;Q;L;V;E;S;G;G;.;G;L;V;Q;P;G;G;S;L;K;L;S;C;A;A;S;G;F;T;F;.;.;.;.;S;G;S;A;M;H;W;V;R;Q;A;S;G;K;G;L;E;W;V;G;R;I;R;S;K;A;N;S;Y;A;T;A;Y;A;A;S;V;K;.;G;R;F;T;I;S;R;D;D;S;K;N;T;A;Y;L;Q;M;N;S;L;K;T;E;D;T;A;V;Y;Y;C;T;R;
Homsap IGHV3-73*02 F;E;V;Q;L;V;E;S;G;G;.;G;L;V;Q;P;G;G;S;L;K;L;S;C;A;A;S;G;F;T;F;.;.;.;.;S;G;S;A;M;H;W;V;R;Q;A;S;G;K;G;L;E;W;V;G;R;I;R;S;K;A;N;S;Y;A;T;A;Y;A;A;S;V;K;.;G;R;F;T;I;S;R;D;D;S;K;N;T;A;Y;L;Q;M;N;S;L;K;T;E;D;T;A;V;Y;Y;C;T;R;
Homsap IGHV3-74*01 F;E;V;Q;L;V;E;S;G;G;.;G;L;V;Q;P;G;G;S;L;R;L;S;C;A;A;S;G;F;T;F;.;.;.;.;S;S;Y;W;M;H;W;V;R;Q;A;P;G;K;G;L;V;W;V;S;R;I;N;S;D;.;.;G;S;S;T;S;Y;A;D;S;V;K;.;G;R;F;T;I;S;R;D;N;A;K;N;T;L;Y;L;Q;M;N;S;L;R;A;E;D;T;A;V;Y;Y;C;A;R;
Homsap IGHV3-74*02 F;E;V;Q;L;V;E;S;G;G;.;G;L;V;Q;P;G;G;S;L;R;L;S;C;A;A;S;G;F;T;F;.;.;.;.;S;S;Y;W;M;H;W;V;R;Q;A;P;G;K;G;L;V;W;V;S;R;I;N;S;D;.;.;G;S;S;T;S;Y;A;D;S;V;K;.;G;R;F;T;I;S;R;D;N;A;K;N;T;L;Y;L;Q;M;N;S;L;R;A;E;D;T;A;V;Y;Y;C;A;R;
Homsap IGHV3-74*03 F;E;V;Q;L;V;E;S;G;G;.;G;L;V;Q;P;G;G;S;L;R;L;S;C;A;A;S;G;F;T;F;.;.;.;.;S;S;Y;W;M;H;W;V;R;Q;A;P;G;K;G;L;V;W;V;S;R;I;N;S;D;.;.;G;S;S;T;T;Y;A;D;S;V;K;.;G;R;F;T;I;S;R;D;N;A;K;N;T;L;Y;L;Q;M;N;S;L;R;A;E;D;T;A;V;Y;Y;C;A;R;
Homsap IGHV3-9*01 F;E;V;Q;L;V;E;S;G;G;.;G;L;V;Q;P;G;R;S;L;R;L;S;C;A;A;S;G;F;T;F;.;.;.;.;D;D;Y;A;M;H;W;V;R;Q;A;P;G;K;G;L;E;W;V;S;G;I;S;W;N;.;.;S;G;S;I;G;Y;A;D;S;V;K;.;G;R;F;T;I;S;R;D;N;A;K;N;S;L;Y;L;Q;M;N;S;L;R;A;E;D;T;A;L;Y;Y;C;A;K;D
Homsap IGHV3-9*02 F;E;V;Q;L;V;E;S;G;G;.;G;L;V;Q;P;G;R;S;L;R;L;S;C;A;A;S;G;F;T;S;.;.;.;.;D;D;Y;A;M;H;W;V;R;Q;A;P;G;K;G;L;E;W;V;S;G;I;S;W;N;.;.;S;G;S;I;G;Y;A;D;S;V;K;.;G;R;F;T;I;S;R;D;N;A;K;N;S;L;Y;L;Q;M;N;S;L;R;A;E;D;T;A;L;Y;Y;C;A;K;D
Homsap IGHV3-9*03 F;E;V;Q;L;V;E;S;G;G;.;G;L;V;Q;P;G;R;S;L;R;L;S;C;A;A;S;G;F;T;F;.;.;.;.;D;D;Y;A;M;H;W;V;R;Q;A;P;G;K;G;L;E;W;V;S;G;I;S;W;N;.;.;S;G;S;I;G;Y;A;D;S;V;K;.;G;R;F;T;I;S;R;D;N;A;K;N;S;L;Y;L;Q;M;N;S;L;R;A;E;D;M;A;L;Y;Y;C;A;K;D
Homsap IGHV3-NL1*01 F;Q;V;Q;L;V;E;S;G;G;.;G;V;V;Q;P;G;G;S;L;R;L;S;C;A;A;S;G;F;T;F;.;.;.;.;S;S;Y;G;M;H;W;V;R;Q;A;P;G;K;G;L;E;W;V;S;V;I;Y;S;G;.;.;G;S;S;T;Y;Y;A;D;S;V;K;.;G;R;F;T;I;S;R;D;N;S;K;N;T;L;Y;L;Q;M;N;S;L;R;A;E;D;T;A;V;Y;Y;C;A;K;
Homsap IGHV3-72*01 F;E;V;Q;L;V;E;S;G;G;.;G;L;V;Q;P;G;G;S;L;R;L;S;C;A;A;S;G;F;T;F;.;.;.;.;S;D;H;Y;M;S;W;V;R;Q;A;Q;G;K;G;L;E;L;V;G;L;I;R;N;K;A;N;S;Y;T;T;E;Y;A;A;S;V;K;.;G;R;L;T;I;S;R;E;D;S;K;N;T;M;Y;L;Q;M;S;N;L;K;T;E;D;L;A;V;Y;Y;C;A;R;
Homsap IGHV3-72*01 F;E;V;Q;L;L;E;S;G;G;.;G;L;V;Q;P;G;G;S;L;R;L;S;C;A;A;S;G;F;T;F;.;.;.;.;S;D;H;Y;M;S;W;V;R;Q;A;Q;G;K;G;L;E;L;V;G;L;I;R;N;K;A;N;S;Y;T;T;E;Y;A;A;S;V;K;.;G;R;L;T;I;S;R;E;D;S;K;N;T;L;Y;L;Q;M;S;S;L;K;T;E;D;L;A;V;Y;Y;C;A;R;
Homsap IGHV3-72*01 F;E;V;Q;L;V;E;S;G;G;.;G;L;V;Q;P;G;G;S;L;R;L;S;C;A;A;S;G;F;T;F;.;.;.;.;S;D;H;Y;M;S;W;V;R;Q;A;Q;G;K;G;L;E;L;V;G;L;I;R;N;K;A;N;S;Y;T;T;E;Y;A;A;S;V;K;.;G;R;L;T;I;S;R;E;D;S;K;N;T;L;Y;L;Q;M;S;S;L;K;T;E;D;L;A;V;Y;Y;C;A;R;
Homsap IGHV3-72*01 F;E;V;Q;L;V;E;S;G;G;.;G;L;V;Q;P;G;G;S;L;R;L;S;C;A;A;S;G;F;T;F;.;.;.;.;S;D;H;Y;M;S;W;V;R;Q;A;Q;G;K;G;L;E;L;V;G;L;I;R;N;K;A;N;S;Y;T;T;E;Y;A;A;S;V;K;.;G;R;L;T;I;S;R;E;D;S;K;N;T;L;Y;L;Q;M;S;N;L;K;T;E;D;L;A;V;Y;Y;C;A;R;
Homsap IGHV3-13*01 F;E;V;Q;L;V;Q;S;G;G;.;G;L;V;H;P;G;G;S;L;R;L;S;C;A;G;S;G;F;T;F;.;.;.;.;S;S;Y;A;M;H;W;V;R;Q;A;P;G;K;G;L;E;W;V;S;A;I;G;T;G;.;.;.;G;G;T;Y;Y;A;D;S;V;K;.;G;R;F;T;I;S;R;D;N;A;K;N;S;L;Y;L;Q;M;N;S;L;R;A;E;D;M;A;V;Y;Y;C;A;R;
Homsap IGHV3-13*01 F;E;V;Q;L;V;Q;S;G;G;.;G;L;V;Q;P;G;G;S;L;R;L;S;C;A;G;S;G;F;T;F;.;.;.;.;S;S;Y;A;M;H;W;V;R;Q;A;P;G;K;G;L;E;W;V;S;A;I;G;T;G;.;.;.;G;G;T;Y;Y;A;D;S;V;K;.;G;R;F;T;I;S;R;D;N;A;K;N;S;L;Y;L;Q;M;N;S;L;R;A;E;D;M;A;V;Y;Y;C;A;R;
Homsap IGHV3-13*01 F;E;V;Q;L;V;E;S;G;G;.;G;L;V;Q;P;G;G;S;L;R;L;S;C;A;G;S;G;F;T;F;.;.;.;.;S;S;Y;A;M;H;W;V;R;Q;A;P;G;K;G;L;E;W;V;S;A;I;G;T;G;.;.;.;G;G;T;Y;Y;A;D;S;V;K;.;G;R;F;T;I;S;R;D;N;A;K;N;S;L;Y;L;Q;M;N;S;L;R;A;E;D;M;A;V;Y;Y;C;A;R;
Homsap IGHV3-11*05 F;E;V;Q;L;V;E;S;G;R;.;G;L;A;Q;P;G;G;Y;L;K;L;S;G;A;A;S;G;F;T;V;.;.;.;.;G;S;W;Y;M;S;W;I;H;Q;A;P;G;K;G;L;E;W;V;S;Y;I;S;S;S;.;.;G;C;S;T;N;Y;A;D;S;V;K;.;G;R;F;T;I;S;T;D;N;S;K;N;T;L;Y;L;Q;M;N;S;L;R;V;E;D;T;A;V;Y;Y;C;A;R;
Homsap IGHV3-74*02 F;E;V;Q;L;V;E;S;G;G;.;G;L;V;Q;P;G;G;S;L;R;L;S;C;A;A;S;G;F;T;F;.;.;.;.;S;S;Y;W;M;H;W;V;R;Q;A;P;G;K;G;L;V;W;V;S;R;I;N;S;D;.;.;G;S;S;T;S;Y;A;D;S;M;K;.;G;Q;F;T;I;S;R;D;N;A;K;N;T;L;Y;L;Q;M;N;S;L;R;A;E;D;M;A;V;Y;Y;C;T;R;
Homsap IGHV3-74*02 F;E;V;Q;L;E;E;S;G;G;.;G;L;V;Q;P;G;G;S;L;R;L;S;C;A;A;S;G;F;T;F;.;.;.;.;S;S;Y;W;M;H;W;V;R;Q;S;P;G;K;G;L;V;*;V;S;R;I;N;S;D;.;.;G;S;S;T;S;Y;A;D;S;L;K;.;G;Q;F;T;I;S;R;D;N;A;K;N;T;L;Y;L;Q;M;N;S;L;R;A;E;D;M;A;V;Y;Y;C;T;R;
Homsap IGHV3-16*02 ORF;E;V;Q;L;V;E;S;G;G;.;G;L;V;Q;P;G;G;S;L;R;L;S;C;A;A;S;V;F;T;F;.;.;.;.;S;N;S;D;I;N;W;V;L;*;A;P;G;K;G;L;E;W;V;S;G;I;S;W;N;.;.;G;G;K;T;H;Y;V;D;S;V;K;.;G;Q;F;S;I;S;R;D;N;S;S;K;S;L;Y;L;Q;K;N;R;Q;R;A;K;D;M;A;V;Y;Y;C;V;R;
Homsap IGHV3-16*02 ORF;E;V;Q;L;V;E;S;G;G;.;G;L;V;Q;P;G;G;S;L;R;H;S;C;A;A;S;G;F;T;F;.;.;.;.;S;N;S;D;M;N;W;V;L;*;A;P;G;K;G;L;E;W;V;S;G;I;S;W;N;.;.;G;G;K;T;H;Y;V;D;S;V;K;.;G;Q;F;T;I;S;R;D;N;S;S;K;S;L;Y;L;Q;K;N;R;Q;R;A;K;D;M;A;V;Y;Y;C;V;R;
Homsap IGHV3-16*02 ORF;E;V;Q;L;V;E;S;G;G;.;G;L;V;Q;P;G;G;S;L;R;H;S;C;A;A;S;G;F;T;F;.;.;.;.;S;N;S;D;M;N;W;V;L;*;A;P;G;K;G;L;E;W;V;S;D;I;S;W;N;.;.;G;G;K;T;H;Y;V;D;S;V;K;.;G;Q;F;T;I;S;R;D;N;S;S;K;S;L;Y;L;Q;K;N;R;Q;R;A;K;D;M;A;V;Y;Y;C;V;R;
Homsap IGHV3-15*08 F;E;V;Q;L;V;E;S;A;G;.;G;L;G;T;A;W;G;S;L;R;L;S;C;A;A;S;G;F;T;C;.;.;.;.;S;N;A;W;M;S;W;V;R;Q;A;P;G;K;G;L;E;W;V;G;C;I;K;S;K;A;N;G;G;T;T;D;Y;A;A;P;V;K;.;G;R;F;T;I;S;R;D;D;S;K;N;T;L;Y;L;Q;M;I;S;L;K;T;E;D;T;A;V;Y;Y;C;T;T;
Homsap IGHV3-11*06 F;E;V;Q;L;V;E;S;G;G;.;G;L;V;Q;P;G;G;S;L;R;L;S;C;P;A;S;G;F;T;F;.;.;.;.;S;N;H;Y;M;S;W;V;R;Q;A;P;G;K;G;L;E;W;V;S;Y;I;S;G;D;.;.;S;G;Y;T;N;Y;A;D;S;V;K;.;G;R;F;T;I;S;R;D;N;A;N;N;S;P;Y;L;Q;M;N;S;L;R;A;E;D;T;A;V;Y;Y;C;V;K;
Homsap IGHV3-11*06 F;E;V;Q;L;V;E;S;G;G;.;G;L;V;Q;P;G;G;S;L;R;L;S;C;P;D;S;G;F;T;F;.;.;.;.;S;N;H;Y;M;S;W;V;R;Q;A;P;G;K;G;L;E;W;I;S;Y;I;S;G;D;.;.;S;G;Y;T;N;Y;A;D;S;V;K;.;G;R;F;T;I;S;R;D;N;A;N;N;S;P;Y;L;Q;M;N;S;L;R;A;E;D;T;A;V;Y;Y;C;V;K;
Homsap IGHV3-11*06 F;E;V;Q;L;V;E;S;G;G;.;G;L;V;Q;P;G;G;S;L;R;L;S;C;A;A;S;G;F;T;F;.;.;.;.;S;N;H;Y;T;S;W;V;R;Q;A;P;G;K;G;L;E;W;V;S;Y;S;S;G;N;.;.;S;G;Y;T;N;Y;A;D;S;V;K;.;G;R;F;T;I;S;R;D;N;A;K;N;S;L;Y;L;Q;M;N;S;L;R;A;E;D;T;A;V;Y;Y;C;V;K;
Homsap IGHV4-28*01 F, or Homsap IGHV4-28*03 F;Q;V;Q;L;Q;E;S;G;P;.;G;L;V;K;P;S;D;T;L;S;L;T;C;A;V;S;G;Y;S;I;S;.;.;.;S;S;N;W;W;G;W;I;R;Q;P;P;G;K;G;L;E;W;I;G;Y;I;Y;Y;S;.;.;.;G;S;T;Y;Y;N;P;S;L;K;.;S;R;V;T;M;S;V;D;T;S;K;N;Q;F;S;L;K;L;S;S;V;T;A;V;D;T;A;V;Y;Y;C;A;R;
Homsap IGHV4-28*02 F;Q;V;Q;L;Q;E;S;G;P;.;G;L;V;K;P;S;Q;T;L;S;L;T;C;A;V;S;G;Y;S;I;S;.;.;.;S;S;N;W;W;G;W;I;R;Q;P;P;G;K;G;L;E;W;I;G;Y;I;Y;Y;S;.;.;.;G;S;I;Y;Y;N;P;S;L;K;.;S;R;V;T;M;S;V;D;T;S;K;N;Q;F;S;L;K;L;S;S;V;T;A;V;D;T;A;V;Y;Y;C;A;R;
Homsap IGHV4-28*01 F, or Homsap IGHV4-28*03 F;Q;V;Q;L;Q;E;S;G;P;.;G;L;V;K;P;S;D;T;L;S;L;T;C;A;V;S;G;Y;S;I;S;.;.;.;S;S;N;W;W;G;W;I;R;Q;P;P;G;K;G;L;E;W;I;G;Y;I;Y;Y;S;.;.;.;G;S;T;Y;Y;N;P;S;L;K;.;S;R;V;T;M;S;V;D;T;S;K;N;Q;F;S;L;K;L;S;S;V;T;A;V;D;T;A;V;Y;Y;C;A;R;
Homsap IGHV4-28*04 F;Q;V;Q;L;Q;E;S;G;P;.;G;L;V;K;P;S;D;T;L;S;L;T;C;A;V;S;G;Y;S;I;S;.;.;.;S;S;N;W;W;G;W;I;R;Q;P;P;G;K;G;L;E;W;I;G;Y;I;Y;Y;S;.;.;.;G;S;T;Y;Y;N;P;S;L;K;.;S;R;V;T;M;S;V;D;T;S;K;N;Q;F;S;L;K;L;S;S;V;T;A;V;D;T;G;V;Y;Y;C;A;R;
Homsap IGHV4-28*05 F;Q;V;Q;L;Q;E;S;G;P;.;G;L;V;K;P;S;D;T;L;S;L;T;C;A;V;S;G;Y;S;I;S;.;.;.;S;S;N;W;W;G;W;I;R;Q;P;P;G;K;G;L;E;W;I;G;Y;I;Y;Y;S;.;.;.;G;S;I;Y;Y;N;P;S;L;K;.;S;R;V;T;M;S;V;D;T;S;K;N;Q;F;S;L;K;L;S;S;V;T;A;V;D;T;A;V;Y;Y;C;A;R;
Homsap IGHV4-28*06 F;Q;V;Q;L;Q;E;S;G;P;.;G;L;V;K;P;S;D;T;L;S;L;T;C;A;V;S;G;Y;S;I;S;.;.;.;S;S;N;W;W;G;W;I;R;Q;P;P;G;K;G;L;E;W;I;G;Y;I;Y;Y;S;.;.;.;G;S;T;N;Y;N;P;S;L;K;.;S;R;V;T;M;S;V;D;T;S;K;N;Q;F;S;L;K;L;S;S;V;T;A;L;D;T;A;V;Y;Y;C;A;R;
Homsap IGHV4-28*07 F;Q;V;Q;L;Q;E;S;G;P;.;G;L;V;K;P;S;D;T;L;S;L;T;C;A;V;S;G;Y;S;I;S;.;.;.;S;S;N;W;W;G;W;I;R;Q;P;P;G;K;G;L;E;W;I;G;Y;I;Y;Y;S;.;.;.;G;S;T;Y;Y;N;P;S;L;K;.;S;R;V;T;M;S;V;D;T;S;K;N;Q;F;S;L;K;L;S;S;V;T;A;V;D;T;A;V;Y;Y;C;A;R;
Homsap IGHV4-30-2*01 F;Q;L;Q;L;Q;E;S;G;S;.;G;L;V;K;P;S;Q;T;L;S;L;T;C;A;V;S;G;G;S;I;S;.;.;S;G;G;Y;S;W;S;W;I;R;Q;P;P;G;K;G;L;E;W;I;G;Y;I;Y;H;S;.;.;.;G;S;T;Y;Y;N;P;S;L;K;.;S;R;V;T;I;S;V;D;R;S;K;N;Q;F;S;L;K;L;S;S;V;T;A;A;D;T;A;V;Y;Y;C;A;R;
Homsap IGHV4-30-2*02 F;Q;L;Q;L;Q;E;S;G;S;.;G;L;V;K;P;S;Q;T;L;S;L;T;C;A;V;S;G;G;S;I;S;.;.;S;G;G;Y;S;W;S;W;I;R;Q;P;P;G;K;G;L;E;W;I;G;Y;I;Y;H;S;.;.;.;G;S;T;Y;Y;N;P;S;L;K;.;S;R;V;T;I;S;V;D;R;S;K;N;Q;F;S;L;K;L;S;S;V;T;A;A;D;T;A;V;Y;Y;C;A;;
Homsap IGHV4-30-2*03 F;Q;L;Q;L;Q;E;S;G;S;.;G;L;V;K;P;S;Q;T;L;S;L;T;C;A;V;S;G;G;S;I;S;.;.;S;G;G;Y;S;W;S;W;I;R;Q;P;P;G;K;G;L;E;W;I;G;S;I;Y;Y;S;.;.;.;G;S;T;Y;Y;N;P;S;L;K;.;S;R;V;T;I;S;V;D;T;S;K;N;Q;F;S;L;K;L;S;S;V;T;A;A;D;T;A;V;Y;Y;C;A;R;
Homsap IGHV4-30-2*04 F;.;.;.;.;.;.;.;.;.;.;.;.;.;.;.;.;.;.;.;.;.;.;.;.;.;S;G;G;S;I;S;.;.;S;G;G;Y;S;W;S;W;I;R;Q;P;P;G;K;G;L;E;W;I;G;Y;I;Y;H;S;.;.;.;G;S;T;Y;Y;N;P;S;L;K;.;S;R;V;T;I;S;V;D;T;S;K;N;Q;F;S;L;K;L;S;S;V;T;A;A;D;T;A;V;Y;Y;C;A;R;
Homsap IGHV4-30-2*05 F;Q;L;Q;L;Q;E;S;G;S;.;G;L;V;K;P;S;Q;T;L;S;L;T;C;A;V;S;G;G;S;I;S;.;.;S;G;G;Y;S;W;S;W;I;R;Q;P;P;G;K;G;L;E;W;I;G;Y;I;Y;H;S;.;.;.;G;S;T;Y;Y;N;P;S;L;K;.;S;R;V;T;I;S;V;D;T;S;K;N;Q;F;S;L;K;L;S;S;V;T;A;A;D;T;A;V;Y;Y;C;A;R;
Homsap IGHV4-30-2*06 F;Q;L;Q;L;Q;E;S;G;S;.;G;L;V;K;P;S;Q;T;L;S;L;T;C;A;V;S;G;G;S;I;S;.;.;S;G;G;Y;S;W;S;W;I;R;Q;S;P;G;K;G;L;E;W;I;G;Y;I;Y;H;S;.;.;.;G;S;T;Y;Y;N;P;S;L;K;.;S;R;V;T;I;S;V;D;R;S;K;N;Q;F;S;L;K;L;S;S;V;T;A;A;D;T;A;V;Y;Y;C;A;R;
Homsap IGHV4-30-4*01 F;Q;V;Q;L;Q;E;S;G;P;.;G;L;V;K;P;S;Q;T;L;S;L;T;C;T;V;S;G;G;S;I;S;.;.;S;G;D;Y;Y;W;S;W;I;R;Q;P;P;G;K;G;L;E;W;I;G;Y;I;Y;Y;S;.;.;.;G;S;T;Y;Y;N;P;S;L;K;.;S;R;V;T;I;S;V;D;T;S;K;N;Q;F;S;L;K;L;S;S;V;T;A;A;D;T;A;V;Y;Y;C;A;R;
Homsap IGHV4-30-4*02 F;Q;V;Q;L;Q;E;S;G;P;.;G;L;V;K;P;S;D;T;L;S;L;T;C;T;V;S;G;G;S;I;S;.;.;S;G;D;Y;Y;W;S;W;I;R;Q;P;P;G;K;G;L;E;W;I;G;Y;I;Y;Y;S;.;.;.;G;S;T;Y;Y;N;P;S;L;K;.;S;R;V;T;I;S;V;D;T;S;K;N;Q;F;S;L;K;L;S;S;V;T;A;A;D;T;A;V;Y;Y;C;A;R;
Homsap IGHV4-30-4*03 F;Q;V;Q;L;Q;E;S;G;P;.;G;L;V;K;P;S;Q;T;L;S;L;T;C;T;V;S;G;G;S;I;S;.;.;S;G;D;Y;Y;W;S;W;I;R;Q;P;P;G;K;G;L;E;W;I;G;Y;I;Y;Y;S;.;.;.;G;S;T;Y;Y;N;P;S;L;K;.;S;R;V;T;I;S;V;D;T;S;K;N;Q;F;S;L;K;L;S;S;V;T;A;A;D;T;A;V;Y;Y;;;;
Homsap IGHV4-30-4*04 F;Q;V;Q;L;Q;D;S;G;P;.;G;L;V;K;P;S;Q;T;L;S;L;T;C;T;V;S;G;G;S;I;S;.;.;S;G;D;Y;Y;W;S;W;I;R;Q;P;P;G;K;G;L;E;W;I;G;Y;F;Y;Y;S;.;.;.;G;S;T;Y;Y;N;P;S;L;K;.;S;R;V;T;I;S;V;D;T;S;K;N;Q;F;S;L;K;L;S;S;V;T;A;A;D;T;A;V;Y;Y;;;;
Homsap IGHV4-30-4*05 F;.;.;.;.;.;.;.;.;.;.;.;.;.;.;.;.;.;.;.;.;.;.;.;.;.;S;G;G;S;I;S;.;.;S;G;D;Y;Y;W;S;W;I;R;Q;X;P;G;K;G;L;E;W;I;G;Y;I;Y;Y;S;.;.;.;G;S;T;Y;Y;N;P;S;L;K;.;S;R;V;T;I;S;V;D;T;S;K;N;Q;F;S;L;K;L;S;S;V;T;A;A;D;T;A;V;Y;Y;C;A;R;
Homsap IGHV4-30-4*06 F;.;.;.;.;.;.;.;.;.;.;.;.;.;.;.;.;.;.;.;.;.;.;.;.;.;S;G;G;S;I;S;.;.;S;G;D;Y;Y;W;S;W;I;R;Q;H;P;G;K;G;L;E;W;I;G;Y;I;Y;Y;S;.;.;.;G;S;T;Y;Y;N;P;S;L;K;.;S;R;V;T;I;S;V;D;T;S;K;N;Q;F;S;L;K;L;S;S;V;T;A;A;D;T;A;V;Y;Y;C;A;R;
Homsap IGHV4-30-4*07 F;Q;V;Q;L;Q;E;S;G;P;.;G;L;V;K;P;S;Q;T;L;S;L;T;C;A;V;S;G;G;S;I;S;.;.;S;G;G;Y;S;W;S;W;I;R;Q;P;P;G;K;G;L;E;W;I;G;Y;I;Y;Y;S;.;.;.;G;S;T;Y;Y;N;P;S;L;K;.;S;R;V;T;I;S;V;D;T;S;K;N;Q;F;S;L;K;L;S;S;V;T;A;A;D;T;A;V;Y;Y;C;A;R;
Homsap IGHV4-31*01 F;Q;V;Q;L;Q;E;S;G;P;.;G;L;V;K;P;S;Q;T;L;S;L;T;C;T;V;S;G;G;S;I;S;.;.;S;G;G;Y;Y;W;S;W;I;R;Q;H;P;G;K;G;L;E;W;I;G;Y;I;Y;Y;S;.;.;.;G;S;T;Y;Y;N;P;S;L;K;.;S;L;V;T;I;S;V;D;T;S;K;N;Q;F;S;L;K;L;S;S;V;T;A;A;D;T;A;V;Y;Y;C;A;R;
Homsap IGHV4-31*02 F;Q;V;Q;L;Q;E;S;G;P;.;G;L;V;K;P;S;Q;T;L;S;L;T;C;T;V;S;G;G;S;I;S;.;.;S;G;G;Y;Y;W;S;W;I;R;Q;H;P;G;K;G;L;E;W;I;G;Y;I;Y;Y;S;.;.;.;G;S;T;Y;Y;N;P;S;L;K;.;S;R;V;T;I;S;V;D;T;S;K;N;Q;F;S;L;K;L;S;S;V;T;A;A;D;T;A;V;Y;Y;C;A;R;
Homsap IGHV4-31*03 F;Q;V;Q;L;Q;E;S;G;P;.;G;L;V;K;P;S;Q;T;L;S;L;T;C;T;V;S;G;G;S;I;S;.;.;S;G;G;Y;Y;W;S;W;I;R;Q;H;P;G;K;G;L;E;W;I;G;Y;I;Y;Y;S;.;.;.;G;S;T;Y;Y;N;P;S;L;K;.;S;R;V;T;I;S;V;D;T;S;K;N;Q;F;S;L;K;L;S;S;V;T;A;A;D;T;A;V;Y;Y;C;A;R;
Homsap IGHV4-31*04 F;Q;V;R;L;Q;E;S;G;P;.;G;L;V;K;P;S;Q;T;L;S;L;T;C;T;V;S;G;G;S;I;S;.;.;S;G;G;Y;Y;W;S;W;I;R;Q;H;P;G;K;G;L;E;W;I;G;Y;I;Y;Y;S;.;.;.;G;S;T;Y;Y;N;P;S;L;K;.;S;R;V;T;I;S;V;D;T;S;K;N;Q;F;S;L;K;L;S;S;V;T;A;A;D;T;A;V;Y;Y;C;A;;
Homsap IGHV4-31*05 F;Q;V;Q;L;Q;E;S;G;P;.;G;L;V;K;P;S;Q;T;L;S;L;T;C;T;V;S;G;G;S;I;S;.;.;S;G;G;Y;Y;W;S;W;I;R;Q;H;P;G;K;G;L;E;W;I;G;Y;I;Y;Y;S;.;.;.;G;S;T;Y;Y;N;P;S;L;K;.;S;R;V;T;I;S;V;D;T;S;K;N;Q;F;S;L;K;L;S;S;V;T;.;A;D;A;A;V;Y;Y;C;A;;
Homsap IGHV4-31*06 F;Q;V;Q;L;Q;E;S;G;P;.;G;L;V;K;P;S;Q;T;L;S;L;T;C;T;V;S;G;G;S;I;S;.;.;S;G;S;Y;Y;W;S;W;I;R;Q;H;P;G;K;G;L;E;W;I;G;Y;I;Y;Y;S;.;.;.;G;S;T;Y;Y;N;P;S;L;K;.;S;R;V;T;I;S;V;D;T;S;K;N;Q;F;S;L;K;L;S;S;V;T;A;A;D;T;A;V;Y;Y;;;;
Homsap IGHV4-31*07 F;Q;V;Q;L;Q;E;S;G;P;.;G;L;V;K;P;S;Q;T;L;S;L;T;C;T;V;S;G;G;S;I;S;.;.;S;G;G;Y;Y;W;S;W;I;R;Q;H;P;G;K;G;L;E;W;I;G;Y;I;Y;Y;S;.;.;.;G;S;T;Y;Y;N;P;S;L;K;.;S;R;V;T;I;S;V;D;T;S;K;N;Q;F;S;L;K;L;S;S;V;T;A;A;D;T;A;V;Y;Y;;;;
Homsap IGHV4-31*08 F;Q;V;Q;L;Q;E;S;G;P;.;G;L;V;K;P;S;Q;T;L;S;L;T;C;T;V;S;G;G;S;I;S;.;.;S;G;G;Y;Y;W;S;W;I;R;Q;H;P;G;K;G;L;E;W;I;G;Y;I;Y;Y;S;.;.;.;G;S;T;Y;Y;N;P;S;L;K;.;S;R;V;T;I;S;V;D;T;S;K;N;Q;F;S;L;K;L;S;S;V;T;A;A;D;T;A;V;Y;Y;;;;
Homsap IGHV4-31*09 F;Q;V;Q;L;Q;E;S;G;P;.;G;L;V;K;P;S;Q;T;L;S;L;T;C;T;V;S;G;G;S;I;S;.;.;S;G;G;Y;Y;W;S;W;I;R;Q;H;P;G;K;G;L;E;W;I;G;Y;I;Y;Y;S;.;.;.;G;S;T;Y;Y;N;P;S;L;K;.;S;R;V;T;I;S;V;D;K;S;K;N;Q;F;S;L;K;L;S;S;V;T;A;A;D;T;A;V;Y;Y;;;;
Homsap IGHV4-31*10 F;Q;V;Q;L;Q;E;S;G;P;.;G;L;L;K;P;S;Q;T;L;S;L;T;C;T;V;S;G;G;S;I;S;.;.;S;G;G;Y;Y;W;S;W;I;R;Q;H;P;G;K;G;L;E;W;I;G;C;I;Y;Y;S;.;.;.;G;S;T;Y;Y;N;P;S;L;K;.;S;R;V;T;I;S;V;D;P;S;K;N;Q;F;S;L;K;P;S;S;V;T;A;A;D;T;A;V;D;Y;C;A;R;
Homsap IGHV4-34*01 F;Q;V;Q;L;Q;Q;W;G;A;.;G;L;L;K;P;S;E;T;L;S;L;T;C;A;V;Y;G;G;S;F;.;.;.;.;S;G;Y;Y;W;S;W;I;R;Q;P;P;G;K;G;L;E;W;I;G;E;I;N;H;S;.;.;.;G;S;T;N;Y;N;P;S;L;K;.;S;R;V;T;I;S;V;D;T;S;K;N;Q;F;S;L;K;L;S;S;V;T;A;A;D;T;A;V;Y;Y;C;A;R;
Homsap IGHV4-34*02 F;Q;V;Q;L;Q;Q;W;G;A;.;G;L;L;K;P;S;E;T;L;S;L;T;C;A;V;Y;G;G;S;F;.;.;.;.;S;G;Y;Y;W;S;W;I;R;Q;P;P;G;K;G;L;E;W;I;G;E;I;N;H;S;.;.;.;G;S;T;N;Y;N;P;S;L;K;.;S;R;V;T;I;S;V;D;T;S;K;N;Q;F;S;L;K;L;S;S;V;T;A;A;D;T;A;V;Y;Y;C;A;R;
Homsap IGHV4-34*03 F;Q;V;Q;L;Q;Q;W;G;A;.;G;L;L;K;P;S;E;T;L;S;L;T;C;A;V;Y;G;G;S;F;.;.;.;.;S;G;Y;Y;W;S;W;I;R;Q;P;P;G;K;G;L;E;W;I;G;E;I;N;H;S;.;.;.;G;S;T;N;Y;N;P;S;L;K;.;S;R;V;T;I;S;V;D;T;S;K;N;Q;F;S;L;K;L;S;S;V;T;A;A;D;T;A;V;Y;Y;;;;
Homsap IGHV4-34*04 F;Q;V;Q;L;Q;Q;W;G;A;.;G;L;L;K;P;S;E;T;L;S;L;T;C;A;V;Y;G;G;S;F;.;.;.;.;S;G;Y;Y;W;S;W;I;R;Q;P;P;G;K;G;L;E;W;I;G;E;I;N;H;S;.;.;.;G;S;T;N;N;N;P;S;L;K;.;S;R;A;T;I;S;V;D;T;S;K;N;Q;F;S;L;K;L;S;S;V;T;A;A;D;T;A;V;Y;Y;C;A;R;
Homsap IGHV4-34*05 F;Q;V;Q;L;Q;Q;W;G;A;.;G;L;L;K;P;S;E;T;L;S;L;T;C;A;V;Y;G;G;S;F;.;.;.;.;S;G;Y;Y;W;C;W;I;R;Q;P;L;G;K;G;L;E;W;I;G;E;I;N;H;S;.;.;.;G;S;T;N;N;N;P;S;L;K;.;S;R;A;T;I;S;V;D;T;S;K;N;Q;F;S;L;K;L;S;S;V;T;A;A;D;T;A;V;Y;Y;C;A;R;
Homsap IGHV4-34*06 F;Q;V;Q;L;Q;Q;W;G;A;.;G;L;L;K;P;S;E;T;L;S;L;T;C;A;V;Y;G;G;S;F;.;.;.;.;S;G;Y;Y;W;S;W;I;R;Q;P;P;G;K;G;L;E;W;I;G;E;I;N;H;S;.;.;.;G;S;T;N;Y;N;P;S;L;K;.;S;R;V;T;I;S;V;D;T;S;K;N;Q;F;S;L;K;L;G;S;V;T;A;A;D;T;A;V;Y;Y;;;;
Homsap IGHV4-34*07 F;Q;V;Q;L;Q;Q;W;G;A;.;G;L;L;K;P;S;E;T;L;S;L;T;C;A;V;Y;G;G;S;F;.;.;.;.;S;G;Y;Y;W;S;W;I;R;Q;P;P;G;K;G;L;E;W;I;G;E;I;N;H;S;.;.;.;G;S;T;N;Y;N;P;S;L;K;.;S;R;V;T;I;S;V;D;T;S;K;N;Q;F;S;L;K;L;S;S;V;T;A;A;D;T;A;V;Y;Y;;;;
Homsap IGHV4-34*08 F;Q;V;Q;L;Q;Q;W;G;A;.;G;L;L;K;P;S;E;T;L;S;L;T;C;A;V;Y;G;G;T;F;.;.;.;.;S;G;Y;Y;W;S;W;I;R;Q;P;P;G;K;G;L;E;W;I;G;E;I;N;H;S;.;.;.;G;S;T;N;Y;N;P;S;L;K;.;S;R;V;T;I;S;V;D;T;S;K;N;Q;F;S;L;K;L;S;S;V;T;A;A;D;T;A;V;Y;Y;C;A;;
Homsap IGHV4-34*09 F;Q;V;Q;L;Q;E;S;G;P;.;G;L;V;K;P;S;Q;T;L;S;L;T;C;A;V;Y;G;G;S;F;.;.;.;.;S;G;Y;Y;W;S;W;I;R;Q;P;P;G;K;G;L;E;W;I;G;E;I;N;H;S;.;.;.;G;S;T;N;Y;N;P;S;L;K;.;S;R;V;T;I;S;V;D;T;S;K;N;Q;F;S;L;K;L;S;S;V;T;A;A;D;T;A;V;Y;Y;C;A;R;
Homsap IGHV4-34*10 F;Q;V;Q;L;Q;E;S;G;P;.;G;L;V;K;P;S;E;T;L;S;L;T;C;A;V;Y;G;G;S;F;.;.;.;.;S;G;Y;Y;W;S;W;I;R;Q;P;P;G;K;G;L;E;W;I;G;E;I;N;H;S;.;.;.;G;S;T;N;Y;N;P;S;L;K;.;S;R;I;T;M;S;V;D;T;S;K;N;Q;F;Y;L;K;L;S;S;V;T;A;A;D;T;A;V;Y;Y;C;A;R;
Homsap IGHV4-34*11 F;Q;V;Q;L;Q;Q;W;G;A;.;G;L;L;K;P;S;E;T;L;S;L;T;C;A;V;Y;G;G;S;V;.;.;.;.;S;G;Y;Y;W;S;W;I;R;Q;P;P;G;K;G;L;E;W;I;G;Y;I;Y;Y;S;.;.;.;G;S;T;N;N;N;P;S;L;K;.;S;R;A;T;I;S;V;D;T;S;K;N;Q;F;S;L;N;L;S;S;V;T;A;A;D;T;A;V;Y;C;C;A;R;
Homsap IGHV4-34*12 F;Q;V;Q;L;Q;Q;W;G;A;.;G;L;L;K;P;S;E;T;L;S;L;T;C;A;V;Y;G;G;S;F;.;.;.;.;S;G;Y;Y;W;S;W;I;R;Q;P;P;G;K;G;L;E;W;I;G;E;I;I;H;S;.;.;.;G;S;T;N;Y;N;P;S;L;K;.;S;R;V;T;I;S;V;D;T;S;K;N;Q;F;S;L;K;L;S;S;V;T;A;A;D;T;A;V;Y;Y;C;A;R;
Homsap IGHV4-34*13 F;.;.;.;.;.;.;.;.;.;.;.;.;.;.;.;.;.;.;.;.;.;.;.;.;.;Y;G;G;S;F;.;.;.;.;S;G;Y;Y;W;S;W;I;R;Q;P;P;G;K;G;L;E;W;I;G;E;I;N;H;S;.;.;.;G;S;T;N;Y;N;P;S;L;K;.;S;R;V;T;I;S;V;D;T;S;K;N;Q;F;S;L;K;L;S;S;V;T;A;A;D;T;A;V;Y;Y;C;A;R;
Homsap IGHV4-38-2*01 F;Q;V;Q;L;Q;E;S;G;P;.;G;L;V;K;P;S;E;T;L;S;L;T;C;A;V;S;G;Y;S;I;S;.;.;.;S;G;Y;Y;W;G;W;I;R;Q;P;P;G;K;G;L;E;W;I;G;S;I;Y;H;S;.;.;.;G;S;T;Y;Y;N;P;S;L;K;.;S;R;V;T;I;S;V;D;T;S;K;N;Q;F;S;L;K;L;S;S;V;T;A;A;D;T;A;V;Y;Y;C;A;R;
Homsap IGHV4-38-2*02 F;Q;V;Q;L;Q;E;S;G;P;.;G;L;V;K;P;S;E;T;L;S;L;T;C;T;V;S;G;Y;S;I;S;.;.;.;S;G;Y;Y;W;G;W;I;R;Q;P;P;G;K;G;L;E;W;I;G;S;I;Y;H;S;.;.;.;G;S;T;Y;Y;N;P;S;L;K;.;S;R;V;T;I;S;V;D;T;S;K;N;Q;F;S;L;K;L;S;S;V;T;A;A;D;T;A;V;Y;Y;C;A;R;
Homsap IGHV4-39*01 F;Q;L;Q;L;Q;E;S;G;P;.;G;L;V;K;P;S;E;T;L;S;L;T;C;T;V;S;G;G;S;I;S;.;.;S;S;S;Y;Y;W;G;W;I;R;Q;P;P;G;K;G;L;E;W;I;G;S;I;Y;Y;S;.;.;.;G;S;T;Y;Y;N;P;S;L;K;.;S;R;V;T;I;S;V;D;T;S;K;N;Q;F;S;L;K;L;S;S;V;T;A;A;D;T;A;V;Y;Y;C;A;R;
Homsap IGHV4-39*02 F;Q;L;Q;L;Q;E;S;G;P;.;G;L;V;K;P;S;E;T;L;S;L;T;C;T;V;S;G;G;S;I;S;.;.;S;S;S;Y;Y;W;G;W;I;R;Q;P;P;G;K;G;L;E;W;I;G;S;I;Y;Y;S;.;.;.;G;S;T;Y;Y;N;P;S;L;K;.;S;R;V;T;I;S;V;D;T;S;K;N;H;F;S;L;K;L;S;S;V;T;A;A;D;T;A;V;Y;Y;C;A;R;
Homsap IGHV4-39*03 F;Q;L;Q;L;Q;E;S;G;P;.;G;L;V;K;P;S;E;T;L;S;L;T;C;T;V;S;G;G;S;I;S;.;.;S;S;S;Y;Y;W;G;W;I;R;Q;P;P;G;K;G;L;E;W;I;G;S;I;Y;Y;S;.;.;.;G;S;T;Y;Y;N;P;S;L;K;.;S;R;V;T;I;S;V;D;T;S;K;N;Q;F;S;L;K;L;S;S;V;T;A;A;D;T;A;V;Y;Y;;;;
Homsap IGHV4-39*04 F;.;.;.;.;.;.;.;.;.;.;.;.;.;.;.;.;.;.;.;.;.;.;.;.;.;.;.;.;S;I;S;.;.;S;S;S;Y;Y;W;G;W;I;R;Q;P;P;G;K;G;L;E;W;I;G;S;I;Y;Y;S;.;.;.;G;S;T;Y;Y;N;P;S;L;K;.;S;R;V;T;I;S;V;D;T;S;K;N;Q;F;S;L;K;L;S;S;V;T;A;A;D;;;;;;;;;
Homsap IGHV4-39*05 F;Q;L;Q;L;Q;E;S;G;P;.;G;L;V;K;P;S;E;T;P;S;L;T;C;T;V;S;G;G;S;I;S;.;.;S;S;S;Y;Y;W;G;W;I;R;Q;P;P;G;K;G;L;E;W;I;G;S;I;Y;Y;S;.;.;.;G;S;T;Y;Y;N;P;S;L;K;.;S;R;V;T;I;S;V;D;T;S;K;N;Q;F;S;L;K;L;S;S;V;T;A;A;D;T;A;V;Y;Y;C;A;;
Homsap IGHV4-39*06 F;R;L;Q;L;Q;E;S;G;P;.;G;L;V;K;P;S;E;T;L;S;L;T;C;T;V;S;G;G;S;I;S;.;.;S;S;S;Y;Y;W;G;W;I;R;Q;P;P;G;K;G;L;E;W;I;G;S;I;Y;Y;S;.;.;.;G;S;T;Y;Y;N;P;S;L;K;.;S;R;V;T;I;S;V;D;T;S;K;N;Q;F;P;L;K;L;S;S;V;T;A;A;D;T;A;V;Y;Y;C;A;R;
Homsap IGHV4-39*07 F;Q;L;Q;L;Q;E;S;G;P;.;G;L;V;K;P;S;E;T;L;S;L;T;C;T;V;S;G;G;S;I;S;.;.;S;S;S;Y;Y;W;G;W;I;R;Q;P;P;G;K;G;L;E;W;I;G;S;I;Y;Y;S;.;.;.;G;S;T;Y;Y;N;P;S;L;K;.;S;R;V;T;I;S;V;D;T;S;K;N;Q;F;S;L;K;L;S;S;V;T;A;A;D;T;A;V;Y;Y;C;A;R;
Homsap IGHV4-4*01 F;Q;V;Q;L;Q;E;S;G;P;.;G;L;V;K;P;P;G;T;L;S;L;T;C;A;V;S;G;G;S;I;S;.;.;.;S;S;N;W;W;S;W;V;R;Q;P;P;G;K;G;L;E;W;I;G;E;I;Y;H;S;.;.;.;G;S;T;N;Y;N;P;S;L;K;.;S;R;V;T;I;S;V;D;K;S;K;N;Q;F;S;L;K;L;S;S;V;T;A;A;D;T;A;V;Y;C;C;A;R;
Homsap IGHV4-4*02 F;Q;V;Q;L;Q;E;S;G;P;.;G;L;V;K;P;S;G;T;L;S;L;T;C;A;V;S;G;G;S;I;S;.;.;.;S;S;N;W;W;S;W;V;R;Q;P;P;G;K;G;L;E;W;I;G;E;I;Y;H;S;.;.;.;G;S;T;N;Y;N;P;S;L;K;.;S;R;V;T;I;S;V;D;K;S;K;N;Q;F;S;L;K;L;S;S;V;T;A;A;D;T;A;V;Y;Y;C;A;R;
Homsap IGHV4-4*03 F;Q;V;Q;L;Q;E;S;G;P;.;G;L;V;K;P;P;G;T;L;S;L;T;C;A;V;S;G;G;S;I;S;.;.;.;S;S;N;W;W;S;W;V;R;Q;P;P;G;K;G;L;E;W;I;G;E;I;Y;H;S;.;.;.;G;S;T;N;Y;N;P;S;L;K;.;S;R;V;T;I;S;V;D;K;S;K;N;Q;F;S;L;K;L;S;S;V;T;A;A;D;T;A;V;Y;Y;;;;
Homsap IGHV4-4*04 F;Q;V;Q;L;Q;E;S;G;P;.;G;L;V;K;P;P;G;T;L;S;L;T;C;A;I;S;G;G;S;I;S;.;.;.;S;S;N;W;W;S;W;V;R;Q;P;P;G;K;G;L;E;W;I;G;E;I;Y;H;S;.;.;.;G;S;T;N;Y;N;P;S;L;K;.;S;R;V;T;I;S;V;D;K;S;K;N;Q;F;S;L;K;L;S;S;V;T;A;A;D;T;A;V;Y;Y;;;;
Homsap IGHV4-4*05 F;Q;V;Q;L;Q;E;L;G;P;.;G;L;V;K;P;P;G;T;L;S;L;T;C;A;V;S;G;G;S;I;S;.;.;.;S;S;N;W;W;S;W;V;R;Q;P;P;G;K;G;L;E;W;I;G;E;I;Y;H;S;.;.;.;G;S;T;N;Y;N;P;S;L;K;.;S;R;V;T;I;S;V;D;K;S;K;N;Q;F;S;L;K;L;S;S;V;T;A;A;D;T;A;V;Y;Y;;;;
Homsap IGHV4-4*06 F;.;.;.;.;.;.;.;.;.;.;.;.;.;.;.;.;.;.;.;.;.;.;.;.;.;S;G;G;S;I;S;.;.;.;S;S;N;W;W;S;W;V;R;Q;P;P;G;X;X;L;E;W;I;G;E;I;Y;H;S;.;.;.;G;S;T;N;Y;N;P;S;L;K;.;S;R;V;T;M;S;V;D;T;S;K;N;Q;F;S;L;K;L;S;S;V;T;A;A;D;T;A;V;Y;Y;C;A;R;
Homsap IGHV4-4*07 F;Q;V;Q;L;Q;E;S;G;P;.;G;L;V;K;P;S;E;T;L;S;L;T;C;T;V;S;G;G;S;I;.;.;.;.;S;S;Y;Y;W;S;W;I;R;Q;P;A;G;K;G;L;E;W;I;G;R;I;Y;T;S;.;.;.;G;S;T;N;Y;N;P;S;L;K;.;S;R;V;T;M;S;V;D;T;S;K;N;Q;F;S;L;K;L;S;S;V;T;A;A;D;T;A;V;Y;Y;C;A;R;
Homsap IGHV4-4*08 F;Q;V;Q;L;Q;E;S;G;P;.;G;L;V;K;P;S;E;T;L;S;L;T;C;T;V;S;G;G;S;I;.;.;.;.;S;S;Y;Y;W;S;W;I;R;Q;P;P;G;K;G;L;E;W;I;G;Y;I;Y;T;S;.;.;.;G;S;T;N;Y;N;P;S;L;K;.;S;R;V;T;I;S;V;D;T;S;K;N;Q;F;S;L;K;L;S;S;V;T;A;A;D;T;A;V;Y;Y;C;A;R;
Homsap IGHV4-55*01 P;Q;V;Q;L;Q;E;S;G;P;.;G;L;V;K;P;S;E;T;L;S;L;I;C;A;V;S;G;D;S;I;S;.;.;.;S;G;N;W;*;I;W;V;R;Q;P;P;G;K;G;L;E;W;I;G;E;I;H;H;S;.;.;.;G;S;T;Y;Y;N;P;S;L;K;.;S;R;I;T;M;S;V;D;T;S;K;N;Q;F;Y;L;K;L;S;S;V;T;A;A;D;T;A;V;Y;Y;C;A;R;
Homsap IGHV4-55*02 P, or Homsap IGHV4-55*08 P;Q;V;Q;L;Q;E;S;G;P;.;G;L;V;K;P;S;E;T;L;S;L;I;C;A;V;S;G;D;S;I;S;.;.;.;S;G;N;W;*;I;W;V;R;Q;P;P;G;K;G;L;E;W;I;G;E;I;H;H;S;.;.;.;G;S;T;Y;Y;N;P;S;L;K;.;S;R;I;T;M;S;V;D;T;S;K;N;Q;F;Y;L;K;L;S;S;V;T;A;A;D;T;A;V;Y;Y;C;A;R;
Homsap IGHV4-55*03 P;Q;V;Q;L;Q;E;S;G;P;.;G;L;V;K;P;S;E;T;L;S;L;I;C;A;V;S;G;D;S;I;S;.;.;.;S;G;N;W;*;I;W;V;R;Q;P;P;G;K;G;L;E;W;I;G;E;I;H;H;S;.;.;.;G;S;T;Y;Y;N;P;S;L;K;.;S;R;I;T;M;S;V;D;T;S;K;N;Q;F;S;L;K;L;S;S;V;T;A;A;D;T;A;V;Y;Y;;;;
Homsap IGHV4-55*04 P;Q;V;Q;L;Q;E;S;G;P;.;G;L;V;K;L;S;E;T;L;S;L;I;C;A;V;S;G;D;S;I;S;.;.;.;S;G;N;W;*;I;W;V;R;Q;P;P;G;K;G;L;E;W;I;G;E;I;H;H;S;.;.;.;G;S;T;Y;Y;N;P;S;L;K;.;S;R;I;T;M;S;V;D;T;S;K;N;Q;F;Y;L;K;L;S;S;V;T;A;A;D;T;A;V;Y;Y;;;;
Homsap IGHV4-55*05 P;Q;V;Q;L;Q;E;S;G;P;.;G;L;V;K;L;S;E;T;L;S;L;I;C;A;V;S;G;D;S;I;S;.;.;.;S;G;N;W;*;I;W;V;R;Q;P;P;G;K;G;L;E;W;I;G;E;I;H;H;S;.;.;.;G;S;T;Y;Y;N;P;S;L;K;.;S;R;I;T;M;S;V;D;T;S;K;N;Q;F;Y;L;K;L;S;S;V;T;A;A;D;T;A;V;Y;Y;;;;
Homsap IGHV4-55*06 P;Q;V;Q;L;Q;E;S;G;P;.;G;L;V;K;P;S;E;T;L;S;L;I;C;A;V;S;G;D;S;I;S;.;.;.;S;G;N;W;*;I;W;V;R;Q;P;P;G;K;G;L;E;W;I;G;E;I;H;H;S;.;.;.;G;S;T;Y;Y;N;P;S;L;K;.;S;R;I;T;M;S;V;D;T;S;K;K;Q;F;Y;L;K;L;S;S;V;T;A;A;D;T;A;V;Y;Y;;;;
Homsap IGHV4-55*07 P;Q;V;Q;L;Q;E;S;G;P;.;G;L;V;K;P;S;E;T;L;S;L;I;C;A;V;S;G;D;S;I;S;.;.;.;S;G;N;W;*;I;W;V;R;Q;P;P;G;K;G;L;E;W;I;G;E;I;H;H;S;.;.;.;G;S;T;Y;Y;N;P;S;L;K;.;S;R;I;T;M;S;V;D;T;S;R;N;Q;F;S;L;K;L;S;S;V;T;A;A;D;T;A;V;Y;Y;;;;
Homsap IGHV4-55*02 P, or Homsap IGHV4-55*08 P;Q;V;Q;L;Q;E;S;G;P;.;G;L;V;K;P;S;E;T;L;S;L;I;C;A;V;S;G;D;S;I;S;.;.;.;S;G;N;W;*;I;W;V;R;Q;P;P;G;K;G;L;E;W;I;G;E;I;H;H;S;.;.;.;G;S;T;Y;Y;N;P;S;L;K;.;S;R;I;T;M;S;V;D;T;S;K;N;Q;F;Y;L;K;L;S;S;V;T;A;A;D;T;A;V;Y;Y;C;A;R;
Homsap IGHV4-55*09 P;Q;V;Q;L;Q;E;S;G;P;.;G;L;V;K;P;S;E;T;L;S;L;I;C;A;V;S;G;D;S;I;S;.;.;.;S;G;N;W;*;I;W;V;R;Q;P;P;G;K;G;L;E;W;I;G;E;I;H;H;S;.;.;.;G;S;T;Y;Y;N;P;S;L;K;.;S;R;I;T;M;S;V;D;T;S;K;N;Q;F;S;L;K;L;S;S;V;T;A;V;D;T;A;V;Y;Y;C;A;R;
Homsap IGHV4-59*01 F;Q;V;Q;L;Q;E;S;G;P;.;G;L;V;K;P;S;E;T;L;S;L;T;C;T;V;S;G;G;S;I;.;.;.;.;S;S;Y;Y;W;S;W;I;R;Q;P;P;G;K;G;L;E;W;I;G;Y;I;Y;Y;S;.;.;.;G;S;T;N;Y;N;P;S;L;K;.;S;R;V;T;I;S;V;D;T;S;K;N;Q;F;S;L;K;L;S;S;V;T;A;A;D;T;A;V;Y;Y;C;A;R;
Homsap IGHV4-59*02 F;Q;V;Q;L;Q;E;S;G;P;.;G;L;V;K;P;S;E;T;L;S;L;T;C;T;V;S;G;G;S;V;.;.;.;.;S;S;Y;Y;W;S;W;I;R;Q;P;P;G;K;G;L;E;W;I;G;Y;I;Y;Y;S;.;.;.;G;S;T;N;Y;N;P;S;L;K;.;S;R;V;T;I;S;V;D;T;S;K;N;Q;F;S;L;K;L;S;S;V;T;A;A;D;T;A;V;Y;Y;C;A;R;
Homsap IGHV4-59*03 F;Q;V;Q;L;Q;E;S;G;P;.;G;L;V;K;P;S;E;T;L;S;L;T;C;T;V;S;G;G;S;I;.;.;.;.;S;S;Y;Y;W;S;W;I;R;Q;P;P;G;K;G;L;E;W;I;G;Y;I;Y;Y;S;.;.;.;G;S;T;N;Y;N;P;S;L;K;.;S;R;V;T;I;S;V;D;T;S;K;N;Q;F;S;L;K;L;S;S;V;T;A;A;D;T;A;V;Y;Y;C;A;;
Homsap IGHV4-59*04 F;Q;V;Q;L;Q;E;S;G;P;.;G;L;V;K;P;S;E;T;L;S;L;T;C;T;V;S;G;G;S;I;.;.;.;.;S;S;Y;Y;W;S;W;I;R;Q;P;P;G;K;G;L;E;W;I;G;Y;I;Y;Y;S;.;.;.;G;S;T;Y;Y;N;P;S;L;K;.;S;R;V;T;M;S;V;D;T;S;K;N;Q;F;S;L;K;L;S;S;V;T;A;A;D;T;A;V;Y;Y;C;A;;
Homsap IGHV4-59*05 F;Q;V;Q;L;Q;E;S;G;P;.;G;L;V;K;P;S;E;T;L;S;L;T;C;T;V;S;G;G;S;I;.;.;.;.;S;S;Y;Y;W;S;W;I;R;Q;P;P;G;K;G;L;E;W;I;G;R;I;Y;Y;S;.;.;.;G;S;T;Y;Y;N;P;S;L;K;.;S;R;V;T;I;S;V;D;T;S;K;N;Q;F;S;L;K;L;S;S;V;T;A;A;D;T;A;V;Y;Y;C;A;;
Homsap IGHV4-59*06 F;Q;V;Q;L;Q;E;S;G;P;.;G;L;V;K;P;S;E;T;L;S;L;T;C;T;V;T;G;G;S;I;.;.;.;.;S;S;Y;Y;W;S;W;I;R;Q;P;A;G;K;G;L;E;W;I;G;Y;I;Y;Y;S;.;.;.;G;S;T;Y;Y;N;P;S;L;K;.;S;R;V;T;I;S;V;D;T;S;K;N;Q;F;S;L;K;L;S;S;V;T;A;A;D;T;A;V;Y;Y;C;A;;
Homsap IGHV4-59*07 F;Q;V;Q;L;Q;E;S;G;P;.;G;L;V;K;P;S;D;T;L;S;L;T;C;T;V;S;G;G;S;I;.;.;.;.;S;S;Y;Y;W;S;W;I;R;Q;P;P;G;K;G;L;E;W;I;G;Y;I;Y;Y;S;.;.;.;G;S;T;N;Y;N;P;S;L;K;.;S;R;V;T;I;S;V;D;T;S;K;N;Q;F;S;L;K;L;S;S;V;T;A;A;D;T;A;V;Y;Y;C;A;R;
Homsap IGHV4-59*08 F;Q;V;Q;L;Q;E;S;G;P;.;G;L;V;K;P;S;E;T;L;S;L;T;C;T;V;S;G;G;S;I;.;.;.;.;S;S;Y;Y;W;S;W;I;R;Q;P;P;G;K;G;L;E;W;I;G;Y;I;Y;Y;S;.;.;.;G;S;T;N;Y;N;P;S;L;K;.;S;R;V;T;I;S;V;D;T;S;K;N;Q;F;S;L;K;L;S;S;V;T;A;A;D;T;A;V;Y;Y;C;A;R;
Homsap IGHV4-59*01 F, or Homsap IGHV4-59*07 F or Homsap IGHV4-59*09 F;.;.;.;.;.;.;.;.;.;.;.;.;.;.;.;.;.;.;.;.;.;.;.;.;.;S;G;G;S;I;.;.;.;.;S;S;Y;Y;W;S;W;I;R;Q;P;P;G;X;X;L;E;W;I;G;Y;I;Y;Y;S;.;.;.;G;S;T;N;Y;N;P;S;L;K;.;S;R;V;T;I;S;V;D;T;S;K;N;Q;F;S;L;K;L;S;S;V;T;A;A;D;T;A;V;Y;Y;C;A;R;
Homsap IGHV4-59*10 F;Q;V;Q;L;Q;Q;W;G;A;.;G;L;L;K;P;S;E;T;L;S;L;T;C;A;V;Y;G;G;S;I;.;.;.;.;S;S;Y;Y;W;S;W;I;R;Q;P;A;G;K;G;L;E;W;I;G;R;I;Y;T;S;.;.;.;G;S;T;N;Y;N;P;S;L;K;.;S;R;V;T;M;S;V;D;T;S;K;N;Q;F;S;L;K;L;S;S;V;T;A;A;D;T;A;V;Y;Y;C;A;R;
Homsap IGHV4-61*01 F;Q;V;Q;L;Q;E;S;G;P;.;G;L;V;K;P;S;E;T;L;S;L;T;C;T;V;S;G;G;S;V;S;.;.;S;G;S;Y;Y;W;S;W;I;R;Q;P;P;G;K;G;L;E;W;I;G;Y;I;Y;Y;S;.;.;.;G;S;T;N;Y;N;P;S;L;K;.;S;R;V;T;I;S;V;D;T;S;K;N;Q;F;S;L;K;L;S;S;V;T;A;A;D;T;A;V;Y;Y;C;A;R;
Homsap IGHV4-61*02 F;Q;V;Q;L;Q;E;S;G;P;.;G;L;V;K;P;S;Q;T;L;S;L;T;C;T;V;S;G;G;S;I;S;.;.;S;G;S;Y;Y;W;S;W;I;R;Q;P;A;G;K;G;L;E;W;I;G;R;I;Y;T;S;.;.;.;G;S;T;N;Y;N;P;S;L;K;.;S;R;V;T;I;S;V;D;T;S;K;N;Q;F;S;L;K;L;S;S;V;T;A;A;D;T;A;V;Y;Y;C;A;R;
Homsap IGHV4-61*03 F;Q;V;Q;L;Q;E;S;G;P;.;G;L;V;K;P;S;E;T;L;S;L;T;C;T;V;S;G;G;S;V;S;.;.;S;G;S;Y;Y;W;S;W;I;R;Q;P;P;G;K;G;L;E;W;I;G;Y;I;Y;Y;S;.;.;.;G;S;T;N;Y;N;P;S;L;K;.;S;R;V;T;I;S;V;D;T;S;K;N;H;F;S;L;K;L;S;S;V;T;A;A;D;T;A;V;Y;Y;C;A;R;
Homsap IGHV4-61*04 F;Q;V;Q;L;Q;E;S;G;P;.;G;L;V;K;P;S;E;T;L;S;L;T;C;T;V;S;G;G;S;V;S;.;.;S;G;S;Y;Y;W;S;W;I;R;Q;P;P;G;K;G;L;E;W;I;G;Y;I;Y;Y;S;.;.;.;G;S;T;N;Y;N;P;S;L;K;.;S;R;V;T;I;S;V;D;T;S;K;N;Q;F;S;L;K;L;S;S;V;T;A;.;D;T;A;V;Y;Y;;;;
Homsap IGHV4-61*05 F;Q;L;Q;L;Q;E;S;G;P;.;G;L;V;K;P;S;E;T;L;S;L;T;C;T;V;S;G;G;S;I;S;.;.;S;S;S;Y;Y;W;G;W;I;R;Q;P;P;G;K;G;L;E;W;I;G;Y;I;Y;Y;S;.;.;.;G;S;T;N;Y;N;P;S;L;K;.;S;R;V;T;I;S;V;D;K;S;K;N;Q;F;S;L;K;L;S;S;V;T;A;A;D;T;A;V;Y;Y;C;A;R;
Homsap IGHV4-61*06 ORF;.;.;.;.;.;.;.;.;.;.;.;.;.;.;.;.;.;.;.;.;.;.;.;.;.;S;G;G;S;V;S;.;.;S;G;S;Y;Y;W;S;W;I;R;Q;P;P;G;K;G;L;E;W;I;G;Y;I;Y;Y;S;.;.;.;G;S;T;N;Y;N;P;S;L;K;.;S;R;V;T;I;S;V;D;T;S;K;N;Q;F;S;L;K;L;S;S;V;T;A;A;D;T;A;V;Y;Y;C;A;R;
Homsap IGHV4-61*01 F, or Homsap IGHV4-61*07 F;.;.;.;.;.;.;.;.;.;.;.;.;.;.;.;.;.;.;.;.;.;.;.;.;.;S;G;G;S;V;S;.;.;S;G;S;Y;Y;W;S;W;I;R;Q;P;P;G;K;G;L;E;W;I;G;Y;I;Y;Y;S;.;.;.;G;S;T;N;Y;N;P;S;L;K;.;S;R;V;T;I;S;V;D;T;S;K;N;Q;F;S;L;K;L;S;S;V;T;A;A;D;T;A;V;Y;Y;C;A;R;
Homsap IGHV4-61*08 F;Q;V;Q;L;Q;E;S;G;P;.;G;L;V;K;P;S;E;T;L;S;L;T;C;T;V;S;G;G;S;V;S;.;.;S;G;G;Y;Y;W;S;W;I;R;Q;P;P;G;K;G;L;E;W;I;G;Y;I;Y;Y;S;.;.;.;G;S;T;N;Y;N;P;S;L;K;.;S;R;V;T;I;S;V;D;T;S;K;N;Q;F;S;L;K;L;S;S;V;T;A;A;D;T;A;V;Y;Y;C;A;R;
Homsap IGHV4-4*02 F;Q;V;Q;L;Q;E;S;G;P;.;G;L;V;K;P;S;E;T;L;S;L;T;C;V;V;S;G;G;S;I;S;.;.;.;S;S;N;W;W;S;W;V;R;Q;P;P;G;K;G;L;E;W;I;G;E;I;Y;H;S;.;.;.;G;S;P;N;Y;N;P;S;L;K;.;S;R;V;T;I;S;V;D;K;S;K;N;Q;F;S;L;K;L;S;S;V;T;A;A;D;T;A;V;Y;Y;C;A;R;
Homsap IGHV4-4*02 F;Q;V;Q;L;Q;E;S;G;P;.;G;L;V;K;P;S;E;T;L;S;L;T;C;V;V;S;G;G;S;I;S;.;.;.;S;S;N;W;W;S;W;V;R;Q;P;P;G;K;G;L;E;W;I;G;E;I;Y;H;S;.;.;.;G;N;P;N;Y;N;P;S;L;K;.;S;R;V;T;I;S;I;D;K;S;K;N;Q;F;S;L;K;L;S;S;V;T;A;A;D;T;A;V;Y;Y;C;A;R;
Homsap IGHV4-4*02 F;Q;V;Q;L;Q;E;S;G;P;.;G;L;V;K;P;S;E;T;L;S;L;T;C;V;V;S;G;G;S;I;S;.;.;.;S;S;N;W;W;S;W;V;R;Q;P;P;G;K;G;L;E;W;I;G;E;I;Y;H;S;.;.;.;G;S;P;N;Y;N;P;S;L;K;.;S;R;V;T;I;S;V;D;K;S;K;N;Q;F;S;L;K;L;S;S;V;T;A;A;D;T;A;V;Y;Y;C;A;R;
Homsap IGHV5-10-1*01 F;E;V;Q;L;V;Q;S;G;A;.;E;V;K;K;P;G;E;S;L;R;I;S;C;K;G;S;G;Y;S;F;.;.;.;.;T;S;Y;W;I;S;W;V;R;Q;M;P;G;K;G;L;E;W;M;G;R;I;D;P;S;.;.;D;S;Y;T;N;Y;S;P;S;F;Q;.;G;H;V;T;I;S;A;D;K;S;I;S;T;A;Y;L;Q;W;S;S;L;K;A;S;D;T;A;M;Y;Y;C;A;R;
Homsap IGHV5-10-1*02 F;E;V;Q;L;V;Q;S;G;A;.;E;V;K;K;P;G;E;S;L;R;I;S;C;K;G;S;G;Y;S;F;.;.;.;.;T;S;Y;W;I;S;W;V;R;Q;M;P;G;K;G;L;E;W;M;G;R;I;D;P;S;.;.;D;S;Y;T;N;Y;S;P;S;F;Q;.;G;H;V;T;I;S;A;D;K;S;I;S;T;A;Y;L;Q;W;S;S;L;K;A;R;T;P;P;C;I;T;V;R;D;
Homsap IGHV5-10-1*03 F;E;V;Q;L;V;Q;S;G;A;.;E;V;K;K;P;G;E;S;L;R;I;S;C;K;G;S;G;Y;S;F;.;.;.;.;T;S;Y;W;I;S;W;V;R;Q;M;P;G;K;G;L;E;W;M;G;R;I;D;P;S;.;.;D;S;Y;T;N;Y;S;P;S;F;Q;.;G;H;V;T;I;S;A;D;K;S;I;S;T;A;Y;L;Q;W;S;S;L;K;A;S;D;T;A;M;Y;Y;C;A;R;
Homsap IGHV5-10-1*04 F;E;V;Q;L;V;Q;S;G;A;.;E;V;K;K;P;G;E;S;L;R;I;S;C;K;G;S;G;Y;S;F;.;.;.;.;T;S;Y;W;I;S;W;V;R;Q;M;P;G;K;G;L;E;W;M;G;R;I;D;P;S;.;.;D;S;Y;T;N;Y;S;P;S;F;Q;.;G;Q;V;T;I;S;A;D;K;S;I;S;T;A;Y;L;Q;W;S;S;L;K;A;S;D;T;A;M;Y;Y;C;A;R;
Homsap IGHV5-51*01 F;E;V;Q;L;V;Q;S;G;A;.;E;V;K;K;P;G;E;S;L;K;I;S;C;K;G;S;G;Y;S;F;.;.;.;.;T;S;Y;W;I;G;W;V;R;Q;M;P;G;K;G;L;E;W;M;G;I;I;Y;P;G;.;.;D;S;D;T;R;Y;S;P;S;F;Q;.;G;Q;V;T;I;S;A;D;K;S;I;S;T;A;Y;L;Q;W;S;S;L;K;A;S;D;T;A;M;Y;Y;C;A;R;
Homsap IGHV5-51*02 F;E;V;Q;L;V;Q;S;G;A;.;E;V;K;K;P;G;E;S;L;K;I;S;C;K;G;S;G;Y;S;F;.;.;.;.;T;S;Y;W;T;G;W;V;R;Q;M;P;G;K;G;L;E;W;M;G;I;I;Y;P;G;.;.;D;S;D;T;R;Y;S;P;S;F;Q;.;G;Q;V;T;I;S;A;D;K;S;I;S;T;A;Y;L;Q;W;S;S;L;K;A;S;D;T;A;M;Y;Y;C;A;R;
Homsap IGHV5-51*03 F;E;V;Q;L;V;Q;S;G;A;.;E;V;K;K;P;G;E;S;L;K;I;S;C;K;G;S;G;Y;S;F;.;.;.;.;T;S;Y;W;I;G;W;V;R;Q;M;P;G;K;G;L;E;W;M;G;I;I;Y;P;G;.;.;D;S;D;T;R;Y;S;P;S;F;Q;.;G;Q;V;T;I;S;A;D;K;S;I;S;T;A;Y;L;Q;W;S;S;L;K;A;S;D;T;A;M;Y;Y;C;A;R;
Homsap IGHV5-51*04 F;E;V;Q;L;V;Q;S;G;A;.;E;V;K;K;P;G;E;S;L;K;I;S;C;K;G;S;G;Y;S;F;.;.;.;.;T;S;Y;W;I;G;W;V;R;Q;M;P;G;K;G;L;E;W;M;G;I;I;Y;P;G;.;.;D;S;D;T;R;Y;S;P;S;F;Q;.;G;Q;V;T;I;S;A;D;K;P;I;S;T;A;Y;L;Q;W;S;S;L;K;A;S;D;T;A;M;Y;Y;C;A;R;
Homsap IGHV5-51*05 F;.;.;.;.;.;.;.;.;.;.;.;.;.;K;P;G;E;S;L;K;I;S;C;K;G;S;G;Y;S;F;.;.;.;.;T;S;Y;W;I;G;W;V;R;Q;M;P;R;K;G;L;E;W;M;G;I;I;Y;P;G;.;.;D;S;D;T;R;Y;S;P;S;F;Q;.;G;Q;V;T;I;S;A;D;K;S;I;S;T;A;Y;L;Q;W;S;S;L;K;A;S;D;T;A;M;;;;;;
Homsap IGHV5-78*01 P;E;V;Q;L;L;Q;S;A;A;.;E;V;K;R;P;G;E;S;L;R;I;S;C;K;T;S;G;Y;S;F;.;.;.;.;T;S;Y;W;I;H;W;V;R;Q;M;P;G;K;E;L;E;W;M;G;S;I;Y;P;G;.;.;N;S;D;T;R;Y;S;P;S;F;Q;.;G;H;V;T;I;S;A;D;S;S;S;S;T;A;Y;L;Q;W;S;S;L;K;A;S;D;A;A;M;Y;Y;C;V;R;
Homsap IGHV6-1*01 F;Q;V;Q;L;Q;Q;S;G;P;.;G;L;V;K;P;S;Q;T;L;S;L;T;C;A;I;S;G;D;S;V;S;.;.;S;N;S;A;A;W;N;W;I;R;Q;S;P;S;R;G;L;E;W;L;G;R;T;Y;Y;R;S;.;K;W;Y;N;D;Y;A;V;S;V;K;.;S;R;I;T;I;N;P;D;T;S;K;N;Q;F;S;L;Q;L;N;S;V;T;P;E;D;T;A;V;Y;Y;C;A;R;
Homsap IGHV6-1*02 F;Q;V;Q;L;Q;Q;S;G;P;.;G;L;V;K;P;S;Q;T;L;S;L;T;C;A;I;S;G;D;S;V;S;.;.;S;N;S;A;A;W;N;W;I;R;Q;S;P;S;R;G;L;E;W;L;G;R;T;Y;Y;R;S;.;K;W;Y;N;D;Y;A;V;S;V;K;.;S;R;I;T;I;N;P;D;T;S;K;N;Q;F;S;L;Q;L;N;S;V;T;P;E;D;T;A;V;Y;Y;C;A;R;
Homsap IGHV7-34-1*01 P;.;L;Q;L;V;Q;S;G;P;.;E;V;K;K;P;G;A;S;V;K;V;S;Y;K;S;S;G;Y;T;F;.;.;.;.;T;I;Y;G;M;N;W;V;*;*;T;P;G;Q;G;F;E;W;M;*;W;I;I;T;Y;.;.;T;G;N;P;T;Y;T;H;G;F;T;.;G;W;F;V;F;S;M;D;T;S;V;S;T;A;C;L;Q;I;S;S;L;K;A;E;D;T;A;E;Y;Y;C;A;K;
Homsap IGHV7-34-1*02 P;.;L;Q;L;V;Q;S;G;P;.;E;V;K;K;P;G;A;S;V;K;V;S;Y;K;S;S;G;Y;T;F;.;.;.;.;T;I;Y;G;M;N;W;V;*;*;T;P;G;Q;G;F;E;W;M;*;W;I;I;T;Y;.;.;N;G;N;P;T;Y;T;H;G;F;T;.;G;W;F;V;F;S;M;D;T;S;V;S;T;A;C;L;Q;I;S;S;L;K;A;E;D;T;A;E;Y;Y;C;A;K;
Homsap IGHV7-4-1*01 F;Q;V;Q;L;V;Q;S;G;S;.;E;L;K;K;P;G;A;S;V;K;V;S;C;K;A;S;G;Y;T;F;.;.;.;.;T;S;Y;A;M;N;W;V;R;Q;A;P;G;Q;G;L;E;W;M;G;W;I;N;T;N;.;.;T;G;N;P;T;Y;A;Q;G;F;T;.;G;R;F;V;F;S;L;D;T;S;V;S;T;A;Y;L;Q;I;C;S;L;K;A;E;D;T;A;V;Y;Y;C;A;R;
Homsap IGHV7-4-1*02 F;Q;V;Q;L;V;Q;S;G;S;.;E;L;K;K;P;G;A;S;V;K;V;S;C;K;A;S;G;Y;T;F;.;.;.;.;T;S;Y;A;M;N;W;V;R;Q;A;P;G;Q;G;L;E;W;M;G;W;I;N;T;N;.;.;T;G;N;P;T;Y;A;Q;G;F;T;.;G;R;F;V;F;S;L;D;T;S;V;S;T;A;Y;L;Q;I;S;S;L;K;A;E;D;T;A;V;Y;Y;C;A;R;
Homsap IGHV7-4-1*03 F;Q;V;Q;L;V;Q;S;G;S;.;E;L;K;K;P;G;A;S;V;K;V;S;C;K;A;S;G;Y;T;F;.;.;.;.;T;S;Y;A;M;N;W;V;R;Q;A;P;G;Q;G;L;E;W;M;G;W;I;N;T;N;.;.;T;G;N;P;T;Y;A;Q;G;F;T;.;G;R;F;V;F;S;L;D;T;S;V;S;T;A;Y;L;Q;I;S;T;L;K;A;E;D;T;;;;;;;;
Homsap IGHV7-4-1*04 F;Q;V;Q;L;V;Q;S;G;S;.;E;L;K;K;P;G;A;S;V;K;V;S;C;K;A;S;G;Y;T;F;.;.;.;.;T;S;Y;A;M;N;W;V;R;Q;A;P;G;Q;G;L;E;W;M;G;W;I;N;T;N;.;.;T;G;N;P;T;Y;A;Q;G;F;T;.;G;R;F;V;F;S;L;D;T;S;V;S;M;A;Y;L;Q;I;S;S;L;K;A;E;D;T;A;V;Y;Y;C;A;R;
Homsap IGHV7-4-1*05 F;Q;V;Q;L;V;Q;S;G;S;.;E;L;K;K;P;G;A;S;V;K;V;S;C;K;A;S;G;Y;T;F;.;.;.;.;T;S;Y;A;M;N;W;V;R;Q;A;P;G;Q;G;L;E;W;M;G;W;I;N;T;N;.;.;T;G;N;P;T;Y;A;Q;G;F;T;.;G;R;F;V;F;S;L;D;T;S;V;S;M;A;Y;L;Q;I;S;S;L;K;A;E;D;T;A;V;C;Y;C;A;R;
Homsap IGHV7-40*03 P;F;S;I;E;K;S;N;N;L;.;S;V;N;Q;W;M;I;R;*;N;M;I;Y;V;N;H;G;I;L;C;.;.;.;.;S;Q;Y;G;M;N;S;V;*;P;A;P;G;Q;G;L;E;W;M;G;W;I;I;T;Y;.;.;T;G;N;P;T;Y;T;N;G;F;T;.;G;R;F;L;F;S;M;D;T;S;V;S;M;A;Y;L;Q;I;S;S;L;K;A;E;D;T;A;V;Y;D;C;M;R;
Homsap IGHV7-81*01 ORF;Q;V;Q;L;V;Q;S;G;H;.;E;V;K;Q;P;G;A;S;V;K;V;S;C;K;A;S;G;Y;S;F;.;.;.;.;T;T;Y;G;M;N;W;V;P;Q;A;P;G;Q;G;L;E;W;M;G;W;F;N;T;Y;.;.;T;G;N;P;T;Y;A;Q;G;F;T;.;G;R;F;V;F;S;M;D;T;S;A;S;T;A;Y;L;Q;I;S;S;L;K;A;E;D;M;A;M;Y;Y;C;A;R;
