V-GENE and allele;1;2;3;4;5;6;7;8;9;10;11;12;13;14;15;16;17;18;19;20;21;22;23;24;25;26;27;28;29;30;31;32;33;34;35;36;37;38;39;40;41;42;43;44;45;46;47;48;49;50;51;52;53;54;55;56;57;58;59;60;61;62;63;64;65;66;67;68;69;70;71;72;73;74;75;76;77;78;79;80;81;82;83;84;85;86;87;88;89;90;91;92;93;94;95;96;97;98;99;100;101;102;103;104;105;106;107;108;109;110;111;112;113;114;115;116;117;118;119;120;121;122;123;124;125;126;127;128;129;130;131;132;133;134;135;136;137;138;139;140;141;142;143;144;145;146;147;148;149;150;151;152;153;154;155;156;157;158;159;160;161;162;163;164;165;166;167;168;169;170;171;172;173;174;175;176;177;178;179;180;181;182;183;184;185;186;187;188;189;190;191;192;193;194;195;196;197;198;199;200;201;202;203;204;205;206;207;208;209;210;211;212;213;214;215;216;217;218;219;220;221;222;223;224;225;226;227;228;229;230;231;232;233;234;235;236;237;238;239;240;241;242;243;244;245;246;247;248;249;250;251;252;253;254;255;256;257;258;259;260;261;262;263;264;265;266;267;268;269;270;271;272;273;274;275;276;277;278;279;280;281;282;283;284;285;286;287;288;289;290;291;292;293;294;295;296;297;298;299;300;301;302;303;304;305;306;307;308;309;310;311;312;313;314;315;316;317;318;319;320;321;322;323;324;325;326;327;328;329;330;331;332;333;334;335;336;337;338;339;340;341;342;343;344;345;346;347;348;349;350
Homsap IGLV1-36*01 F;c;a;g;t;c;t;g;t;g;c;t;g;a;c;t;c;a;g;c;c;a;c;c;c;t;c;g;.;.;.;g;t;g;t;c;t;g;a;a;g;c;c;c;c;c;a;g;g;c;a;g;a;g;g;g;t;c;a;c;c;a;t;c;t;c;c;t;g;t;t;c;t;g;g;a;a;g;c;a;g;c;t;c;c;a;a;c;a;t;c;.;.;.;.;.;.;.;.;.;.;.;.;g;g;a;a;a;t;a;a;t;g;c;t;g;t;a;a;a;c;t;g;g;t;a;c;c;a;g;c;a;g;c;t;c;c;c;a;g;g;a;a;a;g;g;c;t;c;c;c;a;a;a;c;t;c;c;t;c;a;t;c;t;a;t;t;a;t;g;a;t;.;.;.;.;.;.;.;.;.;.;.;.;.;.;.;.;.;.;.;.;.;g;a;t;c;t;g;c;t;g;c;c;c;t;c;a;g;g;g;g;t;c;t;c;t;.;.;.;g;a;c;c;g;a;t;t;c;t;c;t;g;g;c;t;c;c;a;a;g;.;.;.;.;.;.;t;c;t;g;g;c;a;c;c;t;c;a;g;c;c;t;c;c;c;t;g;g;c;c;a;t;c;a;g;t;g;g;g;c;t;c;c;a;g;t;c;t;g;a;g;g;a;t;g;a;g;g;c;t;g;a;t;t;a;t;t;a;c;t;g;t;g;c;a;g;c;a;t;g;g;g;a;t;g;a;c;a;g;c;c;t;g;a;a;t;g;g;t;c;c;;;;;;;;;
Homsap IGLV1-40*01 F;c;a;g;t;c;t;g;t;g;c;t;g;a;c;g;c;a;g;c;c;g;c;c;c;t;c;a;.;.;.;g;t;g;t;c;t;g;g;g;g;c;c;c;c;a;g;g;g;c;a;g;a;g;g;g;t;c;a;c;c;a;t;c;t;c;c;t;g;c;a;c;t;g;g;g;a;g;c;a;g;c;t;c;c;a;a;c;a;t;c;g;g;g;.;.;.;.;.;.;.;.;.;g;c;a;g;g;t;t;a;t;g;a;t;g;t;a;c;a;c;t;g;g;t;a;c;c;a;g;c;a;g;c;t;t;c;c;a;g;g;a;a;c;a;g;c;c;c;c;c;a;a;a;c;t;c;c;t;c;a;t;c;t;a;t;g;g;t;a;a;c;.;.;.;.;.;.;.;.;.;.;.;.;.;.;.;.;.;.;.;.;.;a;g;c;a;a;t;c;g;g;c;c;c;t;c;a;g;g;g;g;t;c;c;c;t;.;.;.;g;a;c;c;g;a;t;t;c;t;c;t;g;g;c;t;c;c;a;a;g;.;.;.;.;.;.;t;c;t;g;g;c;a;c;c;t;c;a;g;c;c;t;c;c;c;t;g;g;c;c;a;t;c;a;c;t;g;g;g;c;t;c;c;a;g;g;c;t;g;a;g;g;a;t;g;a;g;g;c;t;g;a;t;t;a;t;t;a;c;t;g;c;c;a;g;t;c;c;t;a;t;g;a;c;a;g;c;a;g;c;c;t;g;a;g;t;g;g;t;t;c;;;;;;;;;
Homsap IGLV1-40*02 F;c;a;g;t;c;t;g;t;c;g;t;g;a;c;g;c;a;g;c;c;g;c;c;c;t;c;a;.;.;.;g;t;g;t;c;t;g;g;g;g;c;c;c;c;a;g;g;g;c;a;g;a;g;g;g;t;c;a;c;c;a;t;c;t;c;c;t;g;c;a;c;t;g;g;g;a;g;c;a;g;c;t;c;c;a;a;c;a;t;c;g;g;g;.;.;.;.;.;.;.;.;.;g;c;a;g;g;t;t;a;t;g;a;t;g;t;a;c;a;c;t;g;g;t;a;c;c;a;g;c;a;g;c;t;t;c;c;a;g;g;a;a;c;a;g;c;c;c;c;c;a;a;a;c;t;c;c;t;c;a;t;c;t;a;t;g;g;t;a;a;c;.;.;.;.;.;.;.;.;.;.;.;.;.;.;.;.;.;.;.;.;.;a;g;c;a;a;t;c;g;g;c;c;c;t;c;a;g;g;g;g;t;c;c;c;t;.;.;.;g;a;c;c;g;a;t;t;c;t;c;t;g;g;c;t;c;c;a;a;g;.;.;.;.;.;.;t;c;t;g;g;c;a;c;c;t;c;a;g;c;c;t;c;c;c;t;g;g;c;c;a;t;c;a;c;t;g;g;g;c;t;c;c;a;g;g;c;t;g;a;g;g;a;t;g;a;g;g;c;t;g;a;t;t;a;t;t;a;c;t;g;c;c;a;g;t;c;c;t;a;t;g;a;c;a;g;c;a;g;c;c;t;g;a;g;t;g;g;t;t;c;;;;;;;;;
Homsap IGLV1-40*03 F;c;a;g;t;c;t;g;t;c;g;t;g;a;c;g;c;a;g;c;c;g;c;c;c;t;c;a;.;.;.;g;t;g;t;c;t;g;g;g;g;c;c;c;c;a;g;g;g;c;a;g;a;g;g;g;t;c;a;c;c;a;t;c;t;c;c;t;g;c;a;c;t;g;g;g;a;g;c;a;g;c;t;c;c;a;a;c;a;t;c;g;g;g;.;.;.;.;.;.;.;.;.;g;c;a;g;g;t;t;a;t;g;a;t;g;t;a;c;a;c;t;g;g;t;a;c;c;a;g;c;a;g;c;t;t;c;c;a;g;g;a;a;c;a;g;c;c;c;c;c;a;a;a;c;t;c;c;t;c;a;t;c;t;a;t;g;g;t;a;a;c;.;.;.;.;.;.;.;.;.;.;.;.;.;.;.;.;.;.;.;.;.;a;g;c;a;a;t;c;g;g;c;c;c;t;c;a;g;g;g;g;t;c;c;c;t;.;.;.;g;a;c;c;g;a;t;t;c;t;c;t;g;g;c;t;c;c;a;a;g;.;.;.;.;.;.;t;c;t;g;g;c;g;c;c;t;c;a;g;c;c;t;c;c;c;t;g;g;c;c;a;t;c;a;c;t;g;g;g;c;t;c;c;a;g;g;c;t;g;a;g;g;a;t;g;a;g;g;c;t;g;a;t;t;a;t;t;a;c;t;g;c;c;a;g;t;c;c;t;a;t;g;a;c;a;g;c;a;g;c;c;t;g;a;g;t;g;g;t;;;;;;;;;;;
Homsap IGLV1-41*01 ORF;c;a;g;t;c;t;g;t;g;t;t;g;a;c;g;c;a;g;c;c;g;c;c;t;t;c;a;.;.;.;g;t;g;t;c;t;g;c;g;g;c;c;c;c;a;g;g;a;c;a;g;a;a;g;g;t;c;a;c;c;a;t;c;t;c;c;t;g;c;t;c;t;g;g;a;a;g;c;a;g;c;t;c;c;g;a;c;a;t;g;.;.;.;.;.;.;.;.;.;.;.;.;g;g;g;a;a;t;t;a;t;g;c;g;g;t;a;t;c;c;t;g;g;t;a;c;c;a;g;c;a;g;c;t;c;c;c;a;g;g;a;a;c;a;g;c;c;c;c;c;a;a;a;c;t;c;c;t;c;a;t;c;t;a;t;g;a;a;a;a;t;.;.;.;.;.;.;.;.;.;.;.;.;.;.;.;.;.;.;.;.;.;a;a;t;a;a;g;c;g;a;c;c;c;t;c;a;g;g;g;a;t;t;c;c;t;.;.;.;g;a;c;c;g;a;t;t;c;t;c;t;g;g;c;t;c;c;a;a;g;.;.;.;.;.;.;t;c;t;g;g;c;a;c;c;t;c;a;g;c;c;a;c;c;c;t;g;g;g;c;a;t;c;a;c;t;g;g;c;c;t;c;t;g;g;c;c;t;g;a;g;g;a;c;g;a;g;g;c;c;g;a;t;t;a;t;t;a;c;t;g;c;t;t;a;g;c;a;t;g;g;g;a;t;a;c;c;a;g;c;c;c;g;a;g;a;g;c;t;t;g;;;;;;;;;
Homsap IGLV1-41*02 P;c;a;g;t;c;t;g;t;g;t;t;g;a;c;g;c;a;g;c;c;g;c;c;t;t;c;a;.;.;.;g;t;g;t;c;t;g;c;g;g;c;c;c;c;a;g;g;a;c;a;g;a;a;g;g;t;c;a;c;c;a;t;c;t;c;c;t;g;c;t;c;t;g;g;a;a;g;c;a;g;c;t;c;c;g;a;c;a;t;g;.;.;.;.;.;.;.;.;.;.;.;.;g;g;g;a;a;t;t;a;t;g;c;g;g;t;a;t;c;c;t;g;g;t;a;c;c;a;g;c;a;g;c;t;c;c;c;a;g;g;a;a;c;a;g;c;c;c;c;c;a;a;a;c;t;c;c;t;c;a;t;c;t;a;t;g;a;a;a;a;t;.;.;.;.;.;.;.;.;.;.;.;.;.;.;.;.;.;.;.;.;.;a;a;t;a;a;g;c;g;a;c;c;c;t;c;a;g;g;g;a;t;t;c;c;t;.;.;.;g;a;c;c;g;a;t;t;c;t;c;t;g;g;c;t;c;c;a;a;g;.;.;.;.;.;.;t;c;t;g;g;c;a;c;c;t;c;a;g;c;c;a;c;c;c;t;g;g;g;c;a;t;c;a;c;t;g;g;c;c;t;c;t;g;g;c;c;t;g;a;g;g;a;c;t;a;g;g;c;c;g;a;t;t;a;t;t;a;c;t;g;c;t;t;a;g;c;a;t;g;g;g;a;t;a;c;c;a;g;c;c;t;g;a;g;a;g;c;t;t;g;;;;;;;;;
Homsap IGLV1-44*01 F;c;a;g;t;c;t;g;t;g;c;t;g;a;c;t;c;a;g;c;c;a;c;c;c;t;c;a;.;.;.;g;c;g;t;c;t;g;g;g;a;c;c;c;c;c;g;g;g;c;a;g;a;g;g;g;t;c;a;c;c;a;t;c;t;c;t;t;g;t;t;c;t;g;g;a;a;g;c;a;g;c;t;c;c;a;a;c;a;t;c;.;.;.;.;.;.;.;.;.;.;.;.;g;g;a;a;g;t;a;a;t;a;c;t;g;t;a;a;a;c;t;g;g;t;a;c;c;a;g;c;a;g;c;t;c;c;c;a;g;g;a;a;c;g;g;c;c;c;c;c;a;a;a;c;t;c;c;t;c;a;t;c;t;a;t;a;g;t;a;a;t;.;.;.;.;.;.;.;.;.;.;.;.;.;.;.;.;.;.;.;.;.;a;a;t;c;a;g;c;g;g;c;c;c;t;c;a;g;g;g;g;t;c;c;c;t;.;.;.;g;a;c;c;g;a;t;t;c;t;c;t;g;g;c;t;c;c;a;a;g;.;.;.;.;.;.;t;c;t;g;g;c;a;c;c;t;c;a;g;c;c;t;c;c;c;t;g;g;c;c;a;t;c;a;g;t;g;g;g;c;t;c;c;a;g;t;c;t;g;a;g;g;a;t;g;a;g;g;c;t;g;a;t;t;a;t;t;a;c;t;g;t;g;c;a;g;c;a;t;g;g;g;a;t;g;a;c;a;g;c;c;t;g;a;a;t;g;g;t;c;c;;;;;;;;;
Homsap IGLV1-47*01 F;c;a;g;t;c;t;g;t;g;c;t;g;a;c;t;c;a;g;c;c;a;c;c;c;t;c;a;.;.;.;g;c;g;t;c;t;g;g;g;a;c;c;c;c;c;g;g;g;c;a;g;a;g;g;g;t;c;a;c;c;a;t;c;t;c;t;t;g;t;t;c;t;g;g;a;a;g;c;a;g;c;t;c;c;a;a;c;a;t;c;.;.;.;.;.;.;.;.;.;.;.;.;g;g;a;a;g;t;a;a;t;t;a;t;g;t;a;t;a;c;t;g;g;t;a;c;c;a;g;c;a;g;c;t;c;c;c;a;g;g;a;a;c;g;g;c;c;c;c;c;a;a;a;c;t;c;c;t;c;a;t;c;t;a;t;a;g;g;a;a;t;.;.;.;.;.;.;.;.;.;.;.;.;.;.;.;.;.;.;.;.;.;a;a;t;c;a;g;c;g;g;c;c;c;t;c;a;g;g;g;g;t;c;c;c;t;.;.;.;g;a;c;c;g;a;t;t;c;t;c;t;g;g;c;t;c;c;a;a;g;.;.;.;.;.;.;t;c;t;g;g;c;a;c;c;t;c;a;g;c;c;t;c;c;c;t;g;g;c;c;a;t;c;a;g;t;g;g;g;c;t;c;c;g;g;t;c;c;g;a;g;g;a;t;g;a;g;g;c;t;g;a;t;t;a;t;t;a;c;t;g;t;g;c;a;g;c;a;t;g;g;g;a;t;g;a;c;a;g;c;c;t;g;a;g;t;g;g;t;c;c;;;;;;;;;
Homsap IGLV1-47*02 F;c;a;g;t;c;t;g;t;g;c;t;g;a;c;t;c;a;g;c;c;a;c;c;c;t;c;a;.;.;.;g;c;g;t;c;t;g;g;g;a;c;c;c;c;c;g;g;g;c;a;g;a;g;g;g;t;c;a;c;c;a;t;c;t;c;t;t;g;t;t;c;t;g;g;a;a;g;c;a;g;c;t;c;c;a;a;c;a;t;c;.;.;.;.;.;.;.;.;.;.;.;.;g;g;a;a;g;t;a;a;t;t;a;t;g;t;a;t;a;c;t;g;g;t;a;c;c;a;g;c;a;g;c;t;c;c;c;a;g;g;a;a;c;g;g;c;c;c;c;c;a;a;a;c;t;c;c;t;c;a;t;c;t;a;t;a;g;t;a;a;t;.;.;.;.;.;.;.;.;.;.;.;.;.;.;.;.;.;.;.;.;.;a;a;t;c;a;g;c;g;g;c;c;c;t;c;a;g;g;g;g;t;c;c;c;t;.;.;.;g;a;c;c;g;a;t;t;c;t;c;t;g;g;c;t;c;c;a;a;g;.;.;.;.;.;.;t;c;t;g;g;c;a;c;c;t;c;a;g;c;c;t;c;c;c;t;g;g;c;c;a;t;c;a;g;t;g;g;g;c;t;c;c;g;g;t;c;c;g;a;g;g;a;t;g;a;g;g;c;t;g;a;t;t;a;t;t;a;c;t;g;t;g;c;a;g;c;a;t;g;g;g;a;t;g;a;c;a;g;c;c;t;g;a;g;t;g;g;t;c;c;;;;;;;;;
Homsap IGLV1-50*01 ORF;c;a;g;t;c;t;g;t;g;c;t;g;a;c;g;c;a;g;c;c;g;c;c;c;t;c;a;.;.;.;g;t;g;t;c;t;g;g;g;g;c;c;c;c;a;g;g;g;c;a;g;a;g;g;g;t;c;a;c;c;a;t;c;t;c;c;t;g;c;a;c;t;g;g;g;a;g;c;a;g;c;t;c;c;a;a;c;a;t;t;g;g;g;.;.;.;.;.;.;.;.;.;g;c;g;g;g;t;t;a;t;g;t;t;g;t;a;c;a;t;t;g;g;t;a;c;c;a;g;c;a;g;c;t;t;c;c;a;g;g;a;a;c;a;g;c;c;c;c;c;a;a;a;c;t;c;c;t;c;a;t;c;t;a;t;g;g;t;a;a;c;.;.;.;.;.;.;.;.;.;.;.;.;.;.;.;.;.;.;.;.;.;a;g;c;a;a;t;c;g;g;c;c;c;t;c;a;g;g;g;g;t;c;c;c;t;.;.;.;g;a;c;c;a;a;t;t;c;t;c;t;g;g;c;t;c;c;a;a;g;.;.;.;.;.;.;t;c;t;g;g;c;a;c;c;t;c;a;g;c;c;t;c;c;c;t;g;g;c;c;a;t;c;a;c;t;g;g;a;c;t;c;c;a;g;t;c;t;g;a;g;g;a;t;g;a;g;g;c;t;g;a;t;t;a;t;t;a;c;t;g;c;a;a;a;g;c;a;t;g;g;g;a;t;a;a;c;a;g;c;c;t;g;a;a;t;g;c;t;c;a;;;;;;;;;
Homsap IGLV1-51*01 F;c;a;g;t;c;t;g;t;g;t;t;g;a;c;g;c;a;g;c;c;g;c;c;c;t;c;a;.;.;.;g;t;g;t;c;t;g;c;g;g;c;c;c;c;a;g;g;a;c;a;g;a;a;g;g;t;c;a;c;c;a;t;c;t;c;c;t;g;c;t;c;t;g;g;a;a;g;c;a;g;c;t;c;c;a;a;c;a;t;t;.;.;.;.;.;.;.;.;.;.;.;.;g;g;g;a;a;t;a;a;t;t;a;t;g;t;a;t;c;c;t;g;g;t;a;c;c;a;g;c;a;g;c;t;c;c;c;a;g;g;a;a;c;a;g;c;c;c;c;c;a;a;a;c;t;c;c;t;c;a;t;t;t;a;t;g;a;c;a;a;t;.;.;.;.;.;.;.;.;.;.;.;.;.;.;.;.;.;.;.;.;.;a;a;t;a;a;g;c;g;a;c;c;c;t;c;a;g;g;g;a;t;t;c;c;t;.;.;.;g;a;c;c;g;a;t;t;c;t;c;t;g;g;c;t;c;c;a;a;g;.;.;.;.;.;.;t;c;t;g;g;c;a;c;g;t;c;a;g;c;c;a;c;c;c;t;g;g;g;c;a;t;c;a;c;c;g;g;a;c;t;c;c;a;g;a;c;t;g;g;g;g;a;c;g;a;g;g;c;c;g;a;t;t;a;t;t;a;c;t;g;c;g;g;a;a;c;a;t;g;g;g;a;t;a;g;c;a;g;c;c;t;g;a;g;t;g;c;t;g;g;;;;;;;;;
Homsap IGLV1-51*02 F;c;a;g;t;c;t;g;t;g;t;t;g;a;c;g;c;a;g;c;c;g;c;c;c;t;c;a;.;.;.;g;t;g;t;c;t;g;c;g;g;c;c;c;c;a;g;g;a;c;a;g;a;a;g;g;t;c;a;c;c;a;t;c;t;c;c;t;g;c;t;c;t;g;g;a;a;g;c;a;g;c;t;c;c;a;a;c;a;t;t;.;.;.;.;.;.;.;.;.;.;.;.;g;g;g;a;a;t;a;a;t;t;a;t;g;t;a;t;c;c;t;g;g;t;a;c;c;a;g;c;a;g;c;t;c;c;c;a;g;g;a;a;c;a;g;c;c;c;c;c;a;a;a;c;t;c;c;t;c;a;t;c;t;a;t;g;a;a;a;a;t;.;.;.;.;.;.;.;.;.;.;.;.;.;.;.;.;.;.;.;.;.;a;a;t;a;a;g;c;g;a;c;c;c;t;c;a;g;g;g;a;t;t;c;c;t;.;.;.;g;a;c;c;g;a;t;t;c;t;c;t;g;g;c;t;c;c;a;a;g;.;.;.;.;.;.;t;c;t;g;g;c;a;c;g;t;c;a;g;c;c;a;c;c;c;t;g;g;g;c;a;t;c;a;c;c;g;g;a;c;t;c;c;a;g;a;c;t;g;g;g;g;a;c;g;a;g;g;c;c;g;a;t;t;a;t;t;a;c;t;g;c;g;g;a;a;c;a;t;g;g;g;a;t;a;g;c;a;g;c;c;t;g;a;g;t;g;c;t;g;g;;;;;;;;;
Homsap IGLV1-62*01 P;c;a;g;t;c;t;g;t;g;c;t;g;a;c;t;c;a;g;c;c;a;c;c;c;t;c;a;.;.;.;g;t;g;t;c;t;t;g;g;g;c;c;a;c;a;a;g;g;c;a;g;a;g;g;c;t;c;a;c;t;g;t;c;t;c;c;t;g;c;a;c;t;g;g;a;a;g;c;a;g;c;t;c;c;a;a;c;a;c;t;g;g;g;.;.;.;.;.;.;.;.;.;a;c;t;g;g;c;t;a;t;a;a;c;g;t;a;a;a;c;t;g;t;t;g;g;c;a;g;t;a;g;c;t;c;c;c;a;a;g;a;a;c;t;g;a;c;c;c;c;a;a;a;c;t;c;c;t;c;a;g;g;c;a;t;g;g;t;g;a;t;.;.;.;.;.;.;.;.;.;.;.;.;.;.;.;.;.;.;.;.;.;a;a;g;a;a;t;t;g;g;g;c;c;t;c;c;t;g;g;g;t;a;t;c;t;.;.;.;g;a;c;c;a;a;t;t;c;t;c;t;g;g;t;t;c;c;a;a;g;.;.;.;.;.;.;t;c;t;g;g;c;a;g;c;t;t;g;g;c;c;t;c;c;c;t;g;g;g;c;a;c;c;a;c;t;g;g;g;c;t;c;t;g;g;g;c;t;g;a;g;g;a;c;a;a;g;a;c;t;g;a;t;t;a;t;c;a;c;t;g;c;c;a;g;t;c;c;c;g;t;g;a;c;a;t;c;t;g;c;t;g;a;g;t;g;c;t;t;g;;;;;;;;;;
Homsap IGLV10-54*01 F;c;a;g;g;c;a;g;g;g;c;t;g;a;c;t;c;a;g;c;c;a;c;c;c;t;c;g;.;.;.;g;t;g;t;c;c;a;a;g;g;g;c;t;t;g;a;g;a;c;a;g;a;c;c;g;c;c;a;c;a;c;t;c;a;c;c;t;g;c;a;c;t;g;g;g;a;a;c;a;g;c;a;a;c;a;a;t;g;t;t;.;.;.;.;.;.;.;.;.;.;.;.;g;g;c;a;a;c;c;a;a;g;g;a;g;c;a;g;c;t;t;g;g;c;t;g;c;a;g;c;a;g;c;a;c;c;a;g;g;g;c;c;a;c;c;c;t;c;c;c;a;a;a;c;t;c;c;t;a;t;c;c;t;a;c;a;g;g;a;a;t;.;.;.;.;.;.;.;.;.;.;.;.;.;.;.;.;.;.;.;.;.;a;a;c;a;a;c;c;g;g;c;c;c;t;c;a;g;g;g;a;t;c;t;c;a;.;.;.;g;a;g;a;g;a;t;t;a;t;c;t;g;c;a;t;c;c;a;g;g;.;.;.;.;.;.;t;c;a;g;g;a;a;a;c;a;c;a;g;c;c;t;c;c;c;t;g;a;c;c;a;t;t;a;c;t;g;g;a;c;t;c;c;a;g;c;c;t;g;a;g;g;a;c;g;a;g;g;c;t;g;a;c;t;a;t;t;a;c;t;g;c;t;c;a;g;c;a;t;g;g;g;a;c;a;g;c;a;g;c;c;t;c;a;g;t;g;c;t;c;a;;;;;;;;;
Homsap IGLV10-54*02 F;c;a;g;g;c;a;g;g;g;c;t;g;a;c;t;c;a;g;c;c;a;c;c;c;t;c;g;.;.;.;g;t;g;t;c;c;a;a;g;g;g;c;t;t;g;a;g;a;c;a;g;a;c;c;g;c;c;a;c;a;c;t;c;a;c;c;t;g;c;a;c;t;g;g;g;a;a;c;a;g;c;a;a;c;a;t;t;g;t;t;.;.;.;.;.;.;.;.;.;.;.;.;g;g;c;a;a;c;c;a;a;g;g;a;g;c;a;g;c;t;t;g;g;c;t;g;c;a;g;c;a;g;c;a;c;c;a;g;g;g;c;c;a;c;c;c;t;c;c;c;a;a;a;c;t;c;c;t;a;t;c;c;t;a;c;a;g;g;a;a;t;.;.;.;.;.;.;.;.;.;.;.;.;.;.;.;.;.;.;.;.;.;a;a;c;a;a;c;c;g;g;c;c;c;t;c;a;g;g;g;a;t;c;t;c;a;.;.;.;g;a;g;a;g;a;t;t;c;t;c;t;g;c;a;t;c;c;a;g;g;.;.;.;.;.;.;t;c;a;g;g;a;a;a;c;a;c;a;g;c;c;t;c;c;c;t;g;a;c;c;a;t;t;a;c;t;g;g;a;c;t;c;c;a;g;c;c;t;g;a;g;g;a;c;g;a;g;g;c;t;g;a;c;t;a;t;t;a;c;t;g;c;t;c;a;g;c;a;t;t;g;g;a;c;a;g;c;a;g;c;c;t;c;a;g;t;g;c;t;c;a;;;;;;;;;
Homsap IGLV10-54*03 P;c;a;g;g;c;a;g;g;g;c;t;g;a;c;t;c;a;g;c;c;a;c;c;c;t;c;g;.;.;.;g;t;c;t;c;c;a;a;g;g;g;c;t;t;g;a;g;a;c;a;g;a;c;c;g;c;c;a;c;a;c;t;c;a;c;c;t;g;c;a;c;t;g;g;g;a;a;c;a;g;c;a;a;c;a;a;t;g;t;t;.;.;.;.;.;.;.;.;.;.;.;.;g;g;c;a;a;c;c;a;a;g;g;a;g;c;a;g;c;t;t;g;g;c;c;t;g;a;g;c;a;g;c;a;c;c;a;g;g;g;c;c;a;c;c;c;t;c;c;c;a;a;a;c;t;c;c;t;a;t;c;c;t;a;c;a;g;g;a;a;t;.;.;.;.;.;.;.;.;.;.;.;.;.;.;.;.;.;.;.;.;.;a;a;c;a;a;c;c;g;g;c;c;c;t;c;a;g;g;g;a;t;c;t;c;a;.;.;.;g;a;g;a;g;a;t;t;a;t;c;t;g;c;a;t;c;c;a;g;g;.;.;.;.;.;.;t;c;a;g;g;a;a;a;c;a;c;a;g;c;c;t;c;c;c;t;g;a;c;c;a;t;t;a;c;t;g;g;a;c;t;c;c;a;g;c;c;t;g;a;g;g;a;c;g;a;g;g;c;t;g;a;c;t;a;t;t;a;c;t;g;c;t;c;a;g;c;a;t;g;g;g;a;c;a;g;c;a;g;c;c;t;c;a;g;t;g;c;t;c;a;;;;;;;;;
Homsap IGLV11-55*01 ORF;c;g;g;c;c;c;g;t;g;c;t;g;a;c;t;c;a;g;c;c;g;c;c;c;t;c;t;.;.;.;c;t;g;t;c;t;g;c;a;t;c;c;c;c;g;g;g;a;g;c;a;a;c;a;g;c;c;a;g;a;c;t;c;c;c;c;t;g;c;a;c;c;c;t;g;a;g;c;a;g;t;g;a;c;c;t;c;a;g;t;g;t;t;.;.;.;.;.;.;.;.;.;g;g;t;g;g;t;a;a;a;a;a;c;a;t;g;t;t;c;t;g;g;t;a;c;c;a;g;c;a;g;a;a;g;c;c;a;g;g;g;a;g;c;t;c;t;c;c;c;a;g;g;t;t;a;t;t;c;c;t;g;t;a;t;c;a;c;t;a;c;t;c;a;g;a;c;.;.;.;.;.;.;.;.;.;t;c;a;g;a;c;a;a;g;c;a;g;c;t;g;g;g;a;c;c;t;g;g;g;g;t;c;c;c;c;.;.;.;a;g;t;c;g;a;g;t;c;t;c;t;g;g;c;t;c;c;a;a;g;g;a;g;a;c;c;t;c;a;a;g;t;a;a;c;a;c;a;g;c;g;t;t;t;t;t;g;c;t;c;a;t;c;t;c;t;g;g;g;c;t;c;c;a;g;c;c;t;g;a;g;g;a;c;g;a;g;g;c;c;g;a;t;t;a;t;t;a;c;t;g;c;c;a;g;g;t;g;t;a;c;g;a;a;a;g;t;a;g;t;g;c;t;a;a;t;;;;;;;;;;;;;;
Homsap IGLV11-55*02 ORF;c;g;g;c;c;c;g;t;g;c;t;g;a;c;t;c;a;g;c;c;g;c;c;c;t;c;c;.;.;.;c;t;g;t;c;t;g;c;a;t;c;c;c;c;g;g;g;a;g;c;a;a;c;a;g;c;c;a;g;a;c;t;c;c;c;c;t;g;c;a;c;c;c;t;g;a;g;c;a;g;t;g;a;c;c;t;c;a;g;t;g;t;t;.;.;.;.;.;.;.;.;.;g;g;t;g;g;t;a;a;a;a;a;c;a;t;g;t;t;c;t;g;g;t;a;c;c;a;g;c;a;g;a;a;g;c;t;a;g;g;g;a;g;c;t;c;t;c;c;c;a;g;g;t;t;a;t;t;c;c;t;g;t;a;t;c;a;c;t;a;c;t;c;a;g;a;c;.;.;.;.;.;.;.;.;.;t;c;a;g;a;c;a;a;g;c;a;g;c;t;g;g;g;a;c;c;t;g;g;g;g;t;c;c;c;c;.;.;.;a;g;t;c;g;a;g;t;c;t;c;t;g;g;c;t;c;c;a;a;g;g;a;g;a;c;c;t;c;a;a;g;t;a;a;c;a;c;a;g;c;g;t;t;t;t;t;g;c;t;c;a;t;c;t;c;t;g;g;g;c;t;c;c;a;g;c;c;t;g;a;g;g;a;c;g;a;g;g;c;c;g;a;t;t;a;t;t;a;c;t;g;c;c;a;g;g;t;g;t;a;c;g;a;a;a;g;t;a;g;t;g;c;t;a;a;t;;;;;;;;;;;;;;
Homsap IGLV2-11*01 F;c;a;g;t;c;t;g;c;c;c;t;g;a;c;t;c;a;g;c;c;t;c;g;c;t;c;a;.;.;.;g;t;g;t;c;c;g;g;g;t;c;t;c;c;t;g;g;a;c;a;g;t;c;a;g;t;c;a;c;c;a;t;c;t;c;c;t;g;c;a;c;t;g;g;a;a;c;c;a;g;c;a;g;t;g;a;t;g;t;t;g;g;t;.;.;.;.;.;.;.;.;.;g;g;t;t;a;t;a;a;c;t;a;t;g;t;c;t;c;c;t;g;g;t;a;c;c;a;a;c;a;g;c;a;c;c;c;a;g;g;c;a;a;a;g;c;c;c;c;c;a;a;a;c;t;c;a;t;g;a;t;t;t;a;t;g;a;t;g;t;c;.;.;.;.;.;.;.;.;.;.;.;.;.;.;.;.;.;.;.;.;.;a;g;t;a;a;g;c;g;g;c;c;c;t;c;a;g;g;g;g;t;c;c;c;t;.;.;.;g;a;t;c;g;c;t;t;c;t;c;t;g;g;c;t;c;c;a;a;g;.;.;.;.;.;.;t;c;t;g;g;c;a;a;c;a;c;g;g;c;c;t;c;c;c;t;g;a;c;c;a;t;c;t;c;t;g;g;g;c;t;c;c;a;g;g;c;t;g;a;g;g;a;t;g;a;g;g;c;t;g;a;t;t;a;t;t;a;c;t;g;c;t;g;c;t;c;a;t;a;t;g;c;a;g;g;c;a;g;c;t;a;c;a;c;t;t;t;c;;;;;;;;;;;
Homsap IGLV2-11*02 F;c;a;g;t;c;t;g;c;c;c;t;g;a;c;t;c;a;g;c;c;t;c;g;c;t;c;a;.;.;.;g;t;g;t;c;c;g;g;g;t;c;t;c;c;t;g;g;a;c;a;g;t;c;a;g;t;c;a;c;c;a;t;c;t;c;c;t;g;c;a;c;t;g;g;a;a;c;c;a;g;c;a;g;t;g;a;t;g;t;t;g;g;t;.;.;.;.;.;.;.;.;.;g;g;g;t;a;t;a;a;c;t;a;t;g;t;c;t;c;c;t;g;g;t;a;c;c;a;a;c;a;g;c;a;c;c;c;a;g;g;c;a;a;a;g;c;c;c;c;c;a;a;a;c;t;c;a;t;g;a;t;t;t;a;t;g;a;t;g;t;c;.;.;.;.;.;.;.;.;.;.;.;.;.;.;.;.;.;.;.;.;.;a;g;t;a;a;g;c;g;g;c;c;c;t;c;a;g;g;g;g;t;c;c;c;t;.;.;.;g;a;t;c;g;c;t;t;c;t;c;t;g;g;c;t;c;c;a;a;g;.;.;.;.;.;.;t;c;t;g;g;c;a;a;c;a;c;g;g;c;c;t;c;c;c;t;g;a;c;c;a;t;c;t;c;t;g;g;g;c;t;c;c;a;g;g;c;t;g;a;g;g;a;t;g;a;g;g;c;t;g;a;t;t;a;t;t;a;c;t;g;c;t;g;c;t;c;a;t;a;t;g;c;a;g;g;c;a;g;c;t;a;c;a;c;t;t;t;c;;;;;;;;;;;
Homsap IGLV2-11*03 F;.;.;.;.;.;.;.;.;.;.;.;.;.;.;.;.;.;.;.;.;.;.;.;c;t;c;a;.;.;.;g;t;g;t;c;c;g;g;g;t;c;t;c;c;t;g;g;a;c;a;g;t;c;a;g;t;c;a;c;c;a;t;c;t;c;c;t;g;c;a;c;t;g;g;a;a;c;c;a;g;c;a;g;t;g;a;t;g;t;t;g;g;t;.;.;.;.;.;.;.;.;.;g;g;t;t;a;t;a;a;c;t;a;t;g;t;c;t;c;c;t;g;g;t;a;c;c;a;a;c;a;a;c;a;c;c;c;a;g;g;c;a;a;a;g;c;c;c;c;c;a;a;a;c;t;c;a;t;g;a;t;t;t;a;t;g;a;t;g;t;c;.;.;.;.;.;.;.;.;.;.;.;.;.;.;.;.;.;.;.;.;.;a;g;t;a;a;g;c;g;g;c;c;c;t;c;a;g;g;g;g;t;c;c;c;t;.;.;.;g;a;t;c;g;c;t;t;c;t;c;t;g;g;c;t;c;c;a;a;g;.;.;.;.;.;.;t;c;t;g;g;c;a;a;c;a;c;g;g;c;c;t;c;c;c;t;g;a;c;c;a;t;c;t;c;t;g;g;g;c;t;c;c;a;g;g;c;t;g;a;g;g;a;t;g;a;g;g;c;t;g;a;t;t;a;t;t;a;c;t;g;c;t;g;c;t;c;a;t;a;t;g;c;a;g;g;c;a;g;c;t;a;c;a;c;t;t;t;c;;;;;;;;;;;
Homsap IGLV2-14*01 F;c;a;g;t;c;t;g;c;c;c;t;g;a;c;t;c;a;g;c;c;t;g;c;c;t;c;c;.;.;.;g;t;g;t;c;t;g;g;g;t;c;t;c;c;t;g;g;a;c;a;g;t;c;g;a;t;c;a;c;c;a;t;c;t;c;c;t;g;c;a;c;t;g;g;a;a;c;c;a;g;c;a;g;t;g;a;c;g;t;t;g;g;t;.;.;.;.;.;.;.;.;.;g;g;t;t;a;t;a;a;c;t;a;t;g;t;c;t;c;c;t;g;g;t;a;c;c;a;a;c;a;g;c;a;c;c;c;a;g;g;c;a;a;a;g;c;c;c;c;c;a;a;a;c;t;c;a;t;g;a;t;t;t;a;t;g;a;g;g;t;c;.;.;.;.;.;.;.;.;.;.;.;.;.;.;.;.;.;.;.;.;.;a;g;t;a;a;t;c;g;g;c;c;c;t;c;a;g;g;g;g;t;t;t;c;t;.;.;.;a;a;t;c;g;c;t;t;c;t;c;t;g;g;c;t;c;c;a;a;g;.;.;.;.;.;.;t;c;t;g;g;c;a;a;c;a;c;g;g;c;c;t;c;c;c;t;g;a;c;c;a;t;c;t;c;t;g;g;g;c;t;c;c;a;g;g;c;t;g;a;g;g;a;c;g;a;g;g;c;t;g;a;t;t;a;t;t;a;c;t;g;c;a;g;c;t;c;a;t;a;t;a;c;a;a;g;c;a;g;c;a;g;c;a;c;t;c;t;c;;;;;;;;;;;
Homsap IGLV2-14*02 F;c;a;g;t;c;t;g;c;c;c;t;g;a;c;t;c;a;g;c;c;t;g;c;c;t;c;c;.;.;.;g;t;g;t;c;t;g;g;g;t;c;t;c;c;t;g;g;a;c;a;g;t;c;g;a;t;c;a;c;c;a;t;c;t;c;c;t;g;c;a;c;t;g;g;a;a;c;c;a;g;c;a;g;t;g;a;t;g;t;t;g;g;g;.;.;.;.;.;.;.;.;.;a;g;t;t;a;t;a;a;c;c;t;t;g;t;c;t;c;c;t;g;g;t;a;c;c;a;a;c;a;g;c;a;c;c;c;a;g;g;c;a;a;a;g;c;c;c;c;c;a;a;a;c;t;c;a;t;g;a;t;t;t;a;t;g;a;g;g;g;c;.;.;.;.;.;.;.;.;.;.;.;.;.;.;.;.;.;.;.;.;.;a;g;t;a;a;g;c;g;g;c;c;c;t;c;a;g;g;g;g;t;t;t;c;t;.;.;.;a;a;t;c;g;c;t;t;c;t;c;t;g;g;c;t;c;c;a;a;g;.;.;.;.;.;.;t;c;t;g;g;c;a;a;c;a;c;g;g;c;c;t;c;c;c;t;g;a;c;c;a;t;c;t;c;t;g;g;g;c;t;c;c;a;g;g;c;t;g;a;g;g;a;c;g;a;g;g;c;t;g;a;t;t;a;t;t;a;c;t;g;c;a;g;c;t;c;a;t;a;t;a;c;a;a;g;c;a;g;c;a;g;c;a;c;t;c;t;c;;;;;;;;;;;
Homsap IGLV2-14*03 F;.;.;.;.;.;.;.;.;.;.;.;.;.;.;.;.;.;.;.;.;.;.;.;c;t;c;c;.;.;.;g;t;g;t;c;t;g;g;g;t;c;t;c;c;t;g;g;a;c;a;g;t;c;g;a;t;c;a;c;c;a;t;c;t;c;c;t;g;c;a;c;t;g;g;a;a;c;c;a;g;c;a;g;t;g;a;c;g;t;t;g;g;t;.;.;.;.;.;.;.;.;.;g;g;t;t;a;t;a;a;c;t;a;t;g;t;c;t;c;c;t;g;g;t;a;c;c;a;a;c;a;a;c;a;c;c;c;a;g;g;c;a;a;a;g;c;c;c;c;c;a;a;a;c;t;c;a;t;g;a;t;t;t;a;t;g;a;t;g;t;c;.;.;.;.;.;.;.;.;.;.;.;.;.;.;.;.;.;.;.;.;.;a;g;t;a;a;t;c;g;g;c;c;c;t;c;a;g;g;g;g;t;t;t;c;t;.;.;.;a;a;t;c;g;c;t;t;c;t;c;t;g;g;c;t;c;c;a;a;g;.;.;.;.;.;.;t;c;t;g;g;c;a;a;c;a;c;g;g;c;c;t;c;c;c;t;g;a;c;c;a;t;c;t;c;t;g;g;g;c;t;c;c;a;g;g;c;t;g;a;g;g;a;c;g;a;g;g;c;t;g;a;t;t;a;t;t;a;c;t;g;c;a;g;c;t;c;a;t;a;t;a;c;a;a;g;c;a;g;c;a;g;c;a;c;t;c;t;c;;;;;;;;;;;
Homsap IGLV2-14*04 F;.;.;.;.;.;.;.;.;.;.;.;.;.;.;.;.;.;.;.;.;.;.;.;c;t;c;c;.;.;.;g;t;g;t;c;t;g;g;g;t;c;t;c;c;t;g;g;a;c;a;g;t;c;g;a;t;c;a;c;c;a;t;c;t;c;c;t;g;c;a;c;t;g;g;a;a;c;c;a;g;c;a;g;t;g;a;c;g;t;t;g;g;t;.;.;.;.;.;.;.;.;.;g;g;t;t;a;t;a;a;c;t;a;t;g;t;c;t;c;c;t;g;g;t;a;c;c;a;a;c;a;g;c;a;c;c;c;a;g;g;c;a;a;a;g;c;c;c;c;c;a;a;a;c;t;c;a;t;g;a;t;t;t;a;t;g;a;t;g;t;c;.;.;.;.;.;.;.;.;.;.;.;.;.;.;.;.;.;.;.;.;.;a;g;t;a;a;t;c;g;g;c;c;c;t;c;a;g;g;g;g;t;t;t;c;t;.;.;.;a;a;t;c;g;c;t;t;c;t;c;t;g;g;c;t;c;c;a;a;g;.;.;.;.;.;.;t;c;t;g;g;c;a;a;c;a;c;g;g;c;c;t;c;c;c;t;g;a;c;c;a;t;c;t;c;t;g;g;g;c;t;c;c;a;g;g;c;t;g;a;g;g;a;c;g;a;g;g;c;t;g;a;t;t;a;t;t;a;c;t;g;c;a;g;c;t;c;a;t;a;t;a;c;a;a;g;c;a;g;c;a;g;c;a;c;t;c;t;c;;;;;;;;;;;
Homsap IGLV2-18*01 F;c;a;g;t;c;t;g;c;c;c;t;g;a;c;t;c;a;g;c;c;t;c;c;c;t;c;c;.;.;.;g;t;g;t;c;c;g;g;g;t;c;t;c;c;t;g;g;a;c;a;g;t;c;a;g;t;c;a;c;c;a;t;c;t;c;c;t;g;c;a;c;t;g;g;a;a;c;c;a;g;c;a;g;t;g;a;c;g;t;t;g;g;t;.;.;.;.;.;.;.;.;.;a;g;t;t;a;t;a;a;c;c;g;t;g;t;c;t;c;c;t;g;g;t;a;c;c;a;g;c;a;g;c;c;c;c;c;a;g;g;c;a;c;a;g;c;c;c;c;c;a;a;a;c;t;c;a;t;g;a;t;t;t;a;t;g;a;g;g;t;c;.;.;.;.;.;.;.;.;.;.;.;.;.;.;.;.;.;.;.;.;.;a;g;t;a;a;t;c;g;g;c;c;c;t;c;a;g;g;g;g;t;c;c;c;t;.;.;.;g;a;t;c;g;c;t;t;c;t;c;t;g;g;g;t;c;c;a;a;g;.;.;.;.;.;.;t;c;t;g;g;c;a;a;c;a;c;g;g;c;c;t;c;c;c;t;g;a;c;c;a;t;c;t;c;t;g;g;g;c;t;c;c;a;g;g;c;t;g;a;g;g;a;c;g;a;g;g;c;t;g;a;t;t;a;t;t;a;c;t;g;c;a;g;c;t;t;a;t;a;t;a;c;a;a;g;c;a;g;c;a;g;c;a;c;t;t;t;c;;;;;;;;;;;
Homsap IGLV2-18*02 F;c;a;g;t;c;t;g;c;c;c;t;g;a;c;t;c;a;g;c;c;t;c;c;c;t;c;c;.;.;.;g;t;g;t;c;c;g;g;g;t;c;t;c;c;t;g;g;a;c;a;g;t;c;a;g;t;c;a;c;c;a;t;c;t;c;c;t;g;c;a;c;t;g;g;a;a;c;c;a;g;c;a;g;t;g;a;c;g;t;t;g;g;t;.;.;.;.;.;.;.;.;.;a;g;t;t;a;t;a;a;c;c;g;t;g;t;c;t;c;c;t;g;g;t;a;c;c;a;g;c;a;g;c;c;c;c;c;a;g;g;c;a;c;a;g;c;c;c;c;c;a;a;a;c;t;c;a;t;g;a;t;t;t;a;t;g;a;g;g;t;c;.;.;.;.;.;.;.;.;.;.;.;.;.;.;.;.;.;.;.;.;.;a;g;t;a;a;t;c;g;g;c;c;c;t;c;a;g;g;g;g;t;c;c;c;t;.;.;.;g;a;t;c;g;c;t;t;c;t;c;t;g;g;g;t;c;c;a;a;g;.;.;.;.;.;.;t;c;t;g;g;c;a;a;c;a;c;g;g;c;c;t;c;c;c;t;g;a;c;c;a;t;c;t;c;t;g;g;g;c;t;c;c;a;g;g;c;t;g;a;g;g;a;c;g;a;g;g;c;t;g;a;t;t;a;t;t;a;c;t;g;c;a;g;c;t;c;a;t;a;t;a;c;a;a;g;c;a;g;c;a;g;c;a;c;t;t;t;c;;;;;;;;;;;
Homsap IGLV2-18*03 F;c;a;g;t;c;t;g;c;c;c;t;g;a;c;t;c;a;g;c;c;t;c;c;c;t;c;c;.;.;.;g;t;g;t;c;c;g;g;g;t;c;t;c;c;t;g;g;a;c;a;g;t;c;a;g;t;c;a;c;c;a;t;c;t;c;c;t;g;c;a;c;t;g;g;a;a;c;c;a;g;c;a;g;t;g;a;c;g;t;t;g;g;t;.;.;.;.;.;.;.;.;.;a;g;t;t;a;t;a;a;c;c;g;t;g;t;c;t;c;c;t;g;g;t;a;c;c;a;g;c;a;g;c;c;c;c;c;a;g;g;c;a;c;a;g;c;c;c;c;c;a;a;a;c;t;c;a;t;g;a;t;t;t;a;t;g;a;g;g;t;c;.;.;.;.;.;.;.;.;.;.;.;.;.;.;.;.;.;.;.;.;.;a;g;t;a;a;t;c;g;g;c;c;c;t;c;a;g;g;g;g;t;c;c;c;t;.;.;.;g;a;t;c;g;c;t;t;c;t;c;t;g;g;g;t;c;c;a;a;g;.;.;.;.;.;.;t;c;t;g;g;c;a;a;c;a;c;g;g;c;c;t;c;c;c;t;g;a;c;c;a;c;c;t;c;t;g;g;g;c;t;c;c;a;g;g;c;t;g;a;g;g;a;c;g;a;g;g;c;t;g;a;t;t;a;t;t;a;c;t;g;c;a;g;c;t;c;a;t;a;t;a;c;a;a;g;c;a;g;c;a;g;c;a;c;t;t;t;c;;;;;;;;;;;
Homsap IGLV2-18*04 F;c;a;g;t;c;t;g;c;c;c;t;g;a;c;t;c;a;g;c;c;t;c;c;c;t;c;c;.;.;.;g;t;g;t;c;c;g;g;g;t;c;t;c;c;t;g;g;a;c;a;g;t;c;a;g;t;c;a;c;c;a;t;c;t;c;c;t;g;c;a;c;t;g;g;a;a;c;c;a;g;c;a;g;t;g;a;c;g;t;t;g;g;t;.;.;.;.;.;.;.;.;.;a;g;t;t;a;t;a;a;c;c;g;t;g;t;c;t;c;c;t;g;g;t;a;c;c;a;g;c;a;g;c;c;c;c;c;a;g;g;c;a;c;a;g;c;c;c;c;c;a;a;a;c;t;c;a;t;g;a;t;t;t;a;t;g;a;g;g;t;c;.;.;.;.;.;.;.;.;.;.;.;.;.;.;.;.;.;.;.;.;.;a;g;t;a;a;t;c;g;g;c;c;c;t;c;a;g;g;g;g;t;c;c;c;t;.;.;.;g;a;t;c;g;c;t;c;c;t;c;t;g;g;g;t;c;c;a;a;g;.;.;.;.;.;.;t;c;c;g;g;c;a;a;c;a;c;g;g;c;c;t;c;c;c;t;g;a;c;c;a;t;c;t;c;t;g;g;g;c;t;c;c;a;g;g;c;t;g;a;g;g;a;c;g;a;g;g;c;t;g;a;t;t;a;t;t;a;c;t;g;c;a;g;c;t;c;a;t;a;t;a;c;a;a;g;c;a;g;c;a;g;c;a;c;t;t;t;c;;;;;;;;;;;
Homsap IGLV2-23*01 F, or Homsap IGLV2-23*03 F;c;a;g;t;c;t;g;c;c;c;t;g;a;c;t;c;a;g;c;c;t;g;c;c;t;c;c;.;.;.;g;t;g;t;c;t;g;g;g;t;c;t;c;c;t;g;g;a;c;a;g;t;c;g;a;t;c;a;c;c;a;t;c;t;c;c;t;g;c;a;c;t;g;g;a;a;c;c;a;g;c;a;g;t;g;a;t;g;t;t;g;g;g;.;.;.;.;.;.;.;.;.;a;g;t;t;a;t;a;a;c;c;t;t;g;t;c;t;c;c;t;g;g;t;a;c;c;a;a;c;a;g;c;a;c;c;c;a;g;g;c;a;a;a;g;c;c;c;c;c;a;a;a;c;t;c;a;t;g;a;t;t;t;a;t;g;a;g;g;g;c;.;.;.;.;.;.;.;.;.;.;.;.;.;.;.;.;.;.;.;.;.;a;g;t;a;a;g;c;g;g;c;c;c;t;c;a;g;g;g;g;t;t;t;c;t;.;.;.;a;a;t;c;g;c;t;t;c;t;c;t;g;g;c;t;c;c;a;a;g;.;.;.;.;.;.;t;c;t;g;g;c;a;a;c;a;c;g;g;c;c;t;c;c;c;t;g;a;c;a;a;t;c;t;c;t;g;g;g;c;t;c;c;a;g;g;c;t;g;a;g;g;a;c;g;a;g;g;c;t;g;a;t;t;a;t;t;a;c;t;g;c;t;g;c;t;c;a;t;a;t;g;c;a;g;g;t;a;g;t;a;g;c;a;c;t;t;t;a;c;;;;;;;;;;
Homsap IGLV2-23*02 F;c;a;g;t;c;t;g;c;c;c;t;g;a;c;t;c;a;g;c;c;t;g;c;c;t;c;c;.;.;.;g;t;g;t;c;t;g;g;g;t;c;t;c;c;t;g;g;a;c;a;g;t;c;g;a;t;c;a;c;c;a;t;c;t;c;c;t;g;c;a;c;t;g;g;a;a;c;c;a;g;c;a;g;t;g;a;t;g;t;t;g;g;g;.;.;.;.;.;.;.;.;.;a;g;t;t;a;t;a;a;c;c;t;t;g;t;c;t;c;c;t;g;g;t;a;c;c;a;a;c;a;g;c;a;c;c;c;a;g;g;c;a;a;a;g;c;c;c;c;c;a;a;a;c;t;c;a;t;g;a;t;t;t;a;t;g;a;g;g;t;c;.;.;.;.;.;.;.;.;.;.;.;.;.;.;.;.;.;.;.;.;.;a;g;t;a;a;g;c;g;g;c;c;c;t;c;a;g;g;g;g;t;t;t;c;t;.;.;.;a;a;t;c;g;c;t;t;c;t;c;t;g;g;c;t;c;c;a;a;g;.;.;.;.;.;.;t;c;t;g;g;c;a;a;c;a;c;g;g;c;c;t;c;c;c;t;g;a;c;a;a;t;c;t;c;t;g;g;g;c;t;c;c;a;g;g;c;t;g;a;g;g;a;c;g;a;g;g;c;t;g;a;t;t;a;t;t;a;c;t;g;c;t;g;c;t;c;a;t;a;t;g;c;a;g;g;t;a;g;t;a;g;c;a;c;t;t;t;c;;;;;;;;;;;
Homsap IGLV2-23*01 F, or Homsap IGLV2-23*03 F;c;a;g;t;c;t;g;c;c;c;t;g;a;c;t;c;a;g;c;c;t;g;c;c;t;c;c;.;.;.;g;t;g;t;c;t;g;g;g;t;c;t;c;c;t;g;g;a;c;a;g;t;c;g;a;t;c;a;c;c;a;t;c;t;c;c;t;g;c;a;c;t;g;g;a;a;c;c;a;g;c;a;g;t;g;a;t;g;t;t;g;g;g;.;.;.;.;.;.;.;.;.;a;g;t;t;a;t;a;a;c;c;t;t;g;t;c;t;c;c;t;g;g;t;a;c;c;a;a;c;a;g;c;a;c;c;c;a;g;g;c;a;a;a;g;c;c;c;c;c;a;a;a;c;t;c;a;t;g;a;t;t;t;a;t;g;a;g;g;g;c;.;.;.;.;.;.;.;.;.;.;.;.;.;.;.;.;.;.;.;.;.;a;g;t;a;a;g;c;g;g;c;c;c;t;c;a;g;g;g;g;t;t;t;c;t;.;.;.;a;a;t;c;g;c;t;t;c;t;c;t;g;g;c;t;c;c;a;a;g;.;.;.;.;.;.;t;c;t;g;g;c;a;a;c;a;c;g;g;c;c;t;c;c;c;t;g;a;c;a;a;t;c;t;c;t;g;g;g;c;t;c;c;a;g;g;c;t;g;a;g;g;a;c;g;a;g;g;c;t;g;a;t;t;a;t;t;a;c;t;g;c;t;g;c;t;c;a;t;a;t;g;c;a;g;g;t;a;g;t;a;g;c;a;c;t;t;t;;;;;;;;;;;;
Homsap IGLV2-33*01 ORF;c;a;a;t;c;t;g;c;c;c;t;g;a;c;t;c;a;g;c;c;t;c;c;t;t;t;t;.;.;.;g;t;g;t;c;c;g;g;g;g;c;t;c;c;t;g;g;a;c;a;g;t;c;g;g;t;c;a;c;c;a;t;c;t;c;c;t;g;c;a;c;t;g;g;a;a;c;c;a;g;c;a;g;t;g;a;c;g;t;t;g;g;g;.;.;.;.;.;.;.;.;.;g;a;t;t;a;t;g;a;t;c;a;t;g;t;c;t;t;c;t;g;g;t;a;c;c;a;a;a;a;g;c;g;t;c;t;c;a;g;c;a;c;t;a;c;c;t;c;c;a;g;a;c;t;c;c;t;g;a;t;t;t;a;c;a;a;t;g;t;c;.;.;.;.;.;.;.;.;.;.;.;.;.;.;.;.;.;.;.;.;.;a;a;t;a;c;t;c;g;g;c;c;t;t;c;a;g;g;g;a;t;c;t;c;t;.;.;.;g;a;c;c;t;c;t;t;c;t;c;a;g;g;c;t;c;c;a;a;g;.;.;.;.;.;.;t;c;t;g;g;c;a;a;c;a;t;g;g;c;t;t;c;c;c;t;g;a;c;c;a;t;c;t;c;t;g;g;g;c;t;c;a;a;g;t;c;c;g;a;g;g;t;t;g;a;g;g;c;t;a;a;t;t;a;t;c;a;c;t;g;c;a;g;c;t;t;a;t;a;t;t;c;a;a;g;t;a;g;t;t;a;c;a;c;t;t;t;c;;;;;;;;;;;
Homsap IGLV2-33*02 ORF;c;a;g;t;c;t;g;c;c;c;t;g;a;c;t;c;a;g;c;c;t;c;c;t;t;t;t;.;.;.;g;t;g;t;c;c;g;g;g;g;c;t;c;c;t;g;g;a;c;a;g;t;c;g;g;t;c;a;c;c;a;t;c;t;c;c;t;g;c;a;c;t;g;g;a;a;c;c;a;g;c;a;g;t;g;a;c;g;t;t;g;g;g;.;.;.;.;.;.;.;.;.;g;a;t;t;a;t;g;a;t;c;a;t;g;t;c;t;t;c;t;g;g;t;a;c;c;a;a;a;a;g;c;g;t;c;t;c;a;g;c;a;c;t;a;c;c;t;c;c;a;g;a;c;t;c;c;t;g;a;t;t;t;a;c;a;a;t;g;t;c;.;.;.;.;.;.;.;.;.;.;.;.;.;.;.;.;.;.;.;.;.;a;a;t;a;c;t;c;g;g;c;c;t;t;c;a;g;g;g;a;t;c;t;c;t;.;.;.;g;a;c;c;t;c;t;t;c;t;c;a;g;g;c;t;c;c;a;a;g;.;.;.;.;.;.;t;c;t;g;g;c;a;a;c;a;t;g;g;c;t;t;c;c;c;t;g;a;c;c;a;t;c;t;c;t;g;g;g;c;t;c;a;a;g;t;c;c;g;a;g;g;t;t;g;a;g;g;c;t;a;a;t;t;a;t;c;a;c;t;g;c;a;g;c;t;t;a;t;a;t;t;c;a;a;g;t;a;g;t;t;a;c;a;c;t;t;t;c;;;;;;;;;;;
Homsap IGLV2-33*03 ORF;c;a;a;t;c;t;g;c;c;c;t;g;a;c;t;c;a;g;c;c;t;c;c;t;t;t;t;.;.;.;g;t;g;t;c;c;g;g;g;g;c;t;c;c;t;g;g;a;c;a;g;t;c;g;g;t;c;a;c;c;a;t;c;t;c;c;t;g;c;a;c;t;g;g;a;a;c;c;a;g;c;a;g;t;g;a;c;g;t;t;g;g;g;.;.;.;.;.;.;.;.;.;g;a;c;t;a;t;g;a;t;c;a;t;g;t;c;t;t;c;t;g;g;t;a;c;c;a;a;a;a;g;c;g;t;c;t;c;a;g;c;a;c;t;a;c;c;t;c;c;a;g;a;c;t;c;c;t;g;a;t;t;t;a;c;a;a;t;g;t;c;.;.;.;.;.;.;.;.;.;.;.;.;.;.;.;.;.;.;.;.;.;a;a;t;a;c;t;c;g;g;c;c;t;t;c;a;g;g;g;a;t;c;t;c;t;.;.;.;g;a;c;c;t;c;t;t;c;t;c;a;g;g;c;t;c;c;a;a;g;.;.;.;.;.;.;t;c;t;g;g;c;a;a;c;g;t;g;g;c;t;t;c;c;c;t;g;a;c;c;a;t;c;t;c;t;g;g;g;c;t;c;a;a;g;t;c;c;g;a;g;g;t;t;g;a;g;g;c;t;a;a;t;t;a;t;c;a;c;t;g;c;a;g;c;t;t;a;t;a;t;t;c;a;a;g;t;a;g;t;t;a;c;a;c;t;t;t;c;;;;;;;;;;;
Homsap IGLV2-34*01 P;c;a;g;t;c;t;g;t;t;c;t;g;a;c;t;c;a;g;c;c;t;c;g;c;t;c;a;.;.;.;g;t;g;t;c;c;a;g;g;t;c;t;c;c;t;g;g;a;c;a;g;t;a;g;g;t;t;a;c;t;a;t;c;t;t;c;t;g;c;a;c;t;g;g;a;a;c;c;a;g;c;a;g;t;g;a;c;a;t;t;g;g;g;.;.;.;.;.;.;.;.;.;g;g;t;t;a;t;g;a;c;c;t;t;g;t;c;t;c;c;t;g;g;t;g;c;c;a;g;t;a;g;c;a;c;c;c;a;g;g;c;a;a;a;g;c;c;c;c;c;a;a;a;c;t;c;a;t;g;a;t;t;t;a;t;g;a;t;g;t;c;.;.;.;.;.;.;.;.;.;.;.;.;.;.;.;.;.;.;.;.;.;g;c;t;a;a;t;t;g;g;c;c;c;t;c;a;g;g;g;g;c;c;c;c;t;.;.;.;g;g;t;t;g;c;t;t;c;t;c;t;g;g;c;t;c;c;a;a;g;.;.;.;.;.;.;t;c;t;g;g;c;a;a;c;a;c;g;g;c;c;t;c;c;c;t;g;a;c;c;a;t;c;t;c;t;g;g;g;c;t;c;c;a;g;g;c;t;g;a;g;g;a;c;g;a;g;g;c;t;g;a;t;t;a;t;t;a;c;t;g;c;a;g;c;t;c;a;t;a;t;g;c;a;g;g;c;a;g;c;t;a;c;a;a;t;t;t;c;;;;;;;;;;;
Homsap IGLV2-5*01 P;c;a;g;t;c;t;g;c;c;c;t;g;a;t;t;c;a;g;c;c;t;c;c;c;t;c;c;.;.;.;g;t;g;t;c;c;g;g;g;t;c;t;c;c;t;g;g;a;c;a;g;t;c;a;g;t;c;a;c;c;a;t;c;t;c;c;t;g;c;a;c;t;g;g;a;a;c;c;a;g;c;a;g;t;g;a;t;g;t;t;g;g;g;.;.;.;.;.;.;.;.;.;a;g;t;t;a;t;g;a;c;t;a;t;g;t;c;t;c;c;t;g;g;t;a;c;c;a;a;c;a;g;c;a;c;c;c;a;g;g;c;a;c;a;g;t;c;c;c;c;a;a;a;c;c;c;a;t;g;a;t;c;t;a;c;a;a;t;g;t;c;.;.;.;.;.;.;.;.;.;.;.;.;.;.;.;.;.;.;.;.;.;a;a;t;a;c;t;c;a;g;c;c;c;t;c;a;g;g;g;g;t;c;c;c;t;.;.;.;g;a;t;c;g;t;t;t;c;t;c;t;g;g;c;t;c;c;a;a;g;.;.;.;.;.;.;t;c;t;g;g;c;a;a;t;a;c;g;g;c;c;t;c;c;a;t;g;a;c;c;a;t;c;t;c;t;g;g;a;c;t;c;c;a;g;g;c;t;g;a;g;g;a;c;g;a;g;g;c;t;g;a;t;t;a;t;t;a;g;t;g;c;t;g;c;t;c;a;t;a;t;a;c;a;a;g;c;a;g;t;g;c;c;a;c;t;t;a;a;c;;;;;;;;;;
Homsap IGLV2-5*02 P;c;a;g;t;c;t;g;c;c;c;t;g;a;t;t;c;a;g;c;c;t;c;c;c;t;c;c;.;.;.;g;t;g;t;c;c;g;g;g;t;c;t;c;c;t;g;g;a;c;a;g;t;c;a;g;t;c;a;c;c;a;t;c;t;c;c;t;g;c;a;c;t;g;g;a;a;c;c;a;g;c;a;g;t;g;a;t;g;t;t;g;g;g;.;.;.;.;.;.;.;.;.;a;g;t;t;a;t;g;a;c;t;a;t;g;t;c;t;c;c;t;g;g;t;a;c;c;a;a;c;a;g;c;a;c;c;c;a;g;g;c;a;c;a;g;t;c;c;c;c;a;a;a;c;c;c;a;t;g;a;t;c;t;a;c;a;a;t;g;t;c;.;.;.;.;.;.;.;.;.;.;.;.;.;.;.;.;.;.;.;.;.;a;a;t;a;c;t;c;g;g;c;c;c;t;c;a;g;g;g;g;t;c;c;c;t;.;.;.;g;a;t;c;g;t;t;t;c;t;c;t;g;g;c;t;c;c;a;a;g;.;.;.;.;.;.;t;c;t;g;g;c;a;a;c;a;c;g;g;c;c;t;c;c;a;t;g;a;c;c;a;t;c;t;c;t;g;g;a;c;t;c;c;a;g;g;c;t;g;a;g;g;a;c;g;a;g;g;c;t;g;a;t;t;a;t;t;a;g;t;g;c;t;g;c;t;c;a;t;a;t;a;c;a;a;g;c;a;g;t;g;c;c;a;c;t;t;a;a;c;;;;;;;;;;
Homsap IGLV2-8*01 F;c;a;g;t;c;t;g;c;c;c;t;g;a;c;t;c;a;g;c;c;t;c;c;c;t;c;c;.;.;.;g;c;g;t;c;c;g;g;g;t;c;t;c;c;t;g;g;a;c;a;g;t;c;a;g;t;c;a;c;c;a;t;c;t;c;c;t;g;c;a;c;t;g;g;a;a;c;c;a;g;c;a;g;t;g;a;c;g;t;t;g;g;t;.;.;.;.;.;.;.;.;.;g;g;t;t;a;t;a;a;c;t;a;t;g;t;c;t;c;c;t;g;g;t;a;c;c;a;a;c;a;g;c;a;c;c;c;a;g;g;c;a;a;a;g;c;c;c;c;c;a;a;a;c;t;c;a;t;g;a;t;t;t;a;t;g;a;g;g;t;c;.;.;.;.;.;.;.;.;.;.;.;.;.;.;.;.;.;.;.;.;.;a;g;t;a;a;g;c;g;g;c;c;c;t;c;a;g;g;g;g;t;c;c;c;t;.;.;.;g;a;t;c;g;c;t;t;c;t;c;t;g;g;c;t;c;c;a;a;g;.;.;.;.;.;.;t;c;t;g;g;c;a;a;c;a;c;g;g;c;c;t;c;c;c;t;g;a;c;c;g;t;c;t;c;t;g;g;g;c;t;c;c;a;g;g;c;t;g;a;g;g;a;t;g;a;g;g;c;t;g;a;t;t;a;t;t;a;c;t;g;c;a;g;c;t;c;a;t;a;t;g;c;a;g;g;c;a;g;c;a;a;c;a;a;t;t;t;c;;;;;;;;;;;
Homsap IGLV2-8*02 F;c;a;g;t;c;t;g;c;c;c;t;g;a;c;t;c;a;g;c;c;t;c;c;c;t;c;c;.;.;.;g;c;g;t;c;c;a;g;g;t;c;t;c;c;t;g;g;a;c;a;g;t;c;a;g;t;c;a;c;c;a;t;c;t;c;c;t;g;c;a;c;t;g;g;a;a;c;c;a;g;c;a;g;t;g;a;c;g;t;t;g;g;t;.;.;.;.;.;.;.;.;.;g;g;t;t;a;t;a;a;c;t;a;t;g;t;c;t;c;c;t;g;g;t;a;c;c;a;a;c;a;g;c;a;c;c;c;a;g;g;c;a;a;a;g;c;c;c;c;c;a;a;a;c;t;c;a;t;g;a;t;t;t;a;t;g;a;g;g;t;c;.;.;.;.;.;.;.;.;.;.;.;.;.;.;.;.;.;.;.;.;.;a;g;t;a;a;g;c;g;g;c;c;c;t;c;a;g;g;g;g;t;c;c;c;t;.;.;.;g;a;t;c;g;c;t;t;c;t;c;t;g;g;c;t;c;c;a;a;g;.;.;.;.;.;.;t;c;t;g;g;c;a;a;c;a;c;g;g;c;c;t;c;c;c;t;g;a;c;c;g;t;c;t;c;t;g;g;g;c;t;c;c;a;g;g;c;t;g;a;g;g;a;t;g;a;g;g;c;t;g;a;t;t;a;t;t;a;c;t;g;c;a;g;c;t;c;a;t;a;t;g;c;a;g;g;c;a;g;c;a;a;c;a;a;t;t;t;c;;;;;;;;;;;
Homsap IGLV2-8*03 F;.;.;.;.;.;.;.;.;.;.;.;.;.;.;.;.;.;.;.;.;.;.;.;c;t;c;c;.;.;.;g;c;g;t;c;c;g;g;g;t;c;t;c;c;t;g;g;a;c;a;g;t;c;a;g;t;c;a;c;c;a;t;c;t;c;c;t;g;c;a;c;t;g;g;a;a;c;c;a;g;c;a;g;t;g;a;c;g;t;t;g;g;t;.;.;.;.;.;.;.;.;.;g;g;t;t;a;t;a;a;c;t;a;t;g;t;c;t;c;c;t;g;g;t;a;c;c;a;a;c;a;g;c;a;c;c;c;a;g;g;c;a;a;a;g;c;c;c;c;c;a;a;a;c;t;c;a;t;g;a;t;t;t;a;t;g;a;g;g;t;c;.;.;.;.;.;.;.;.;.;.;.;.;.;.;.;.;.;.;.;.;.;a;g;t;a;a;g;c;g;g;c;c;c;t;c;a;g;g;g;g;t;c;c;c;t;.;.;.;g;a;t;c;g;c;t;t;c;t;t;t;g;g;c;t;c;c;a;a;g;.;.;.;.;.;.;t;c;t;g;g;c;a;a;c;a;c;g;g;c;c;t;c;c;c;t;g;a;c;c;g;t;c;t;c;t;g;g;g;c;t;c;c;a;g;g;c;t;g;a;g;g;a;t;g;a;g;g;c;t;g;a;t;t;a;t;t;a;c;t;g;c;a;g;c;t;c;a;t;a;t;g;c;a;g;g;c;a;g;c;a;a;c;a;a;t;t;t;c;;;;;;;;;;;
Homsap IGLV2-NL1*01 P;c;a;g;t;c;t;g;t;t;c;t;g;a;c;t;c;a;g;c;c;t;c;g;c;t;c;a;.;.;.;g;t;g;t;c;c;a;g;g;t;c;t;c;c;t;g;g;a;c;a;g;t;a;g;g;t;t;a;c;t;a;t;c;t;t;c;t;g;c;a;c;t;g;g;a;a;c;c;a;g;c;a;g;t;g;a;c;a;t;t;g;g;g;.;.;.;.;.;.;.;.;.;g;g;t;t;a;t;g;a;c;c;t;t;g;t;c;t;c;c;t;g;g;t;g;c;c;a;g;t;a;g;c;a;c;c;c;a;g;g;c;a;a;a;g;c;c;c;c;c;a;a;a;c;t;c;a;t;g;a;t;t;t;a;t;g;a;t;g;t;c;.;.;.;.;.;.;.;.;.;.;.;.;.;.;.;.;.;.;.;.;.;g;g;t;a;a;t;t;g;g;c;c;c;t;c;a;g;g;g;g;c;c;c;c;t;.;.;.;g;g;t;t;g;c;t;t;c;t;c;t;g;g;c;t;c;c;a;a;g;.;.;.;.;.;.;t;c;t;g;g;c;a;a;c;a;c;g;g;c;c;t;c;c;c;t;g;a;c;c;a;t;c;t;c;t;g;g;g;c;t;c;c;a;g;g;c;t;g;a;g;g;a;c;g;a;g;g;c;t;g;a;t;t;a;t;t;a;c;t;g;c;a;g;c;t;c;a;t;a;t;g;c;a;g;g;c;a;g;c;t;a;c;a;a;t;t;t;c;;;;;;;;;;;
Homsap IGLV3-1*01 F;t;c;c;t;a;t;g;a;g;c;t;g;a;c;t;c;a;g;c;c;a;c;c;c;t;c;a;.;.;.;g;t;g;t;c;c;g;t;g;t;c;c;c;c;a;g;g;a;c;a;g;a;c;a;g;c;c;a;g;c;a;t;c;a;c;c;t;g;c;t;c;t;g;g;a;g;a;t;a;a;a;t;t;g;g;g;g;.;.;.;.;.;.;.;.;.;.;.;.;.;.;.;.;.;.;g;a;t;a;a;a;t;a;t;g;c;t;t;g;c;t;g;g;t;a;t;c;a;g;c;a;g;a;a;g;c;c;a;g;g;c;c;a;g;t;c;c;c;c;t;g;t;g;c;t;g;g;t;c;a;t;c;t;a;t;c;a;a;g;a;t;.;.;.;.;.;.;.;.;.;.;.;.;.;.;.;.;.;.;.;.;.;a;g;c;a;a;g;c;g;g;c;c;c;t;c;a;g;g;g;a;t;c;c;c;t;.;.;.;g;a;g;c;g;a;t;t;c;t;c;t;g;g;c;t;c;c;a;a;c;.;.;.;.;.;.;t;c;t;g;g;g;a;a;c;a;c;a;g;c;c;a;c;t;c;t;g;a;c;c;a;t;c;a;g;c;g;g;g;a;c;c;c;a;g;g;c;t;a;t;g;g;a;t;g;a;g;g;c;t;g;a;c;t;a;t;t;a;c;t;g;t;c;a;g;g;c;g;t;g;g;g;a;c;a;g;c;a;g;c;a;c;t;g;c;a;;;;;;;;;;;;;;
Homsap IGLV3-10*01 F;t;c;c;t;a;t;g;a;g;c;t;g;a;c;a;c;a;g;c;c;a;c;c;c;t;c;g;.;.;.;g;t;g;t;c;a;g;t;g;t;c;c;c;c;a;g;g;a;c;a;a;a;c;g;g;c;c;a;g;g;a;t;c;a;c;c;t;g;c;t;c;t;g;g;a;g;a;t;g;c;a;t;t;g;c;c;a;.;.;.;.;.;.;.;.;.;.;.;.;.;.;.;.;.;.;a;a;a;a;a;a;t;a;t;g;c;t;t;a;t;t;g;g;t;a;c;c;a;g;c;a;g;a;a;g;t;c;a;g;g;c;c;a;g;g;c;c;c;c;t;g;t;g;c;t;g;g;t;c;a;t;c;t;a;t;g;a;g;g;a;c;.;.;.;.;.;.;.;.;.;.;.;.;.;.;.;.;.;.;.;.;.;a;g;c;a;a;a;c;g;a;c;c;c;t;c;c;g;g;g;a;t;c;c;c;t;.;.;.;g;a;g;a;g;a;t;t;c;t;c;t;g;g;c;t;c;c;a;g;c;.;.;.;.;.;.;t;c;a;g;g;g;a;c;a;a;t;g;g;c;c;a;c;c;t;t;g;a;c;t;a;t;c;a;g;t;g;g;g;g;c;c;c;a;g;g;t;g;g;a;g;g;a;t;g;a;a;g;c;t;g;a;c;t;a;c;t;a;c;t;g;t;t;a;c;t;c;a;a;c;a;g;a;c;a;g;c;a;g;t;g;g;t;a;a;t;c;a;t;a;g;;;;;;;;;
Homsap IGLV3-10*02 F;t;c;c;t;a;t;g;a;g;c;t;g;a;c;a;c;a;g;c;c;a;c;c;c;t;c;g;.;.;.;g;t;g;t;c;a;g;t;g;t;c;c;c;c;a;g;g;a;c;a;a;a;c;g;g;c;c;a;g;g;a;t;c;a;c;c;t;g;c;t;c;t;g;g;a;g;a;t;g;c;a;t;t;g;c;c;a;.;.;.;.;.;.;.;.;.;.;.;.;.;.;.;.;.;.;a;a;a;a;a;a;t;a;t;g;c;t;t;a;t;t;g;g;t;a;c;c;a;g;c;a;g;a;a;g;t;c;a;g;g;c;c;a;g;g;c;c;c;c;t;g;t;g;c;t;g;g;t;c;a;t;c;t;a;t;a;a;g;g;a;c;.;.;.;.;.;.;.;.;.;.;.;.;.;.;.;.;.;.;.;.;.;a;g;c;a;a;a;c;g;a;c;c;c;t;c;a;g;g;g;a;t;c;c;c;t;.;.;.;g;a;g;a;g;a;t;t;c;t;c;t;g;g;c;t;c;c;a;g;c;.;.;.;.;.;.;t;c;a;g;g;g;a;c;a;a;t;g;g;c;c;a;c;c;t;t;g;a;c;c;a;t;c;a;g;t;g;g;g;g;c;c;c;a;g;g;t;g;g;a;g;g;a;t;g;a;a;g;a;t;g;a;c;t;a;c;t;a;c;t;g;t;t;a;c;t;c;a;g;c;a;g;a;c;t;a;c;a;g;t;g;g;t;a;a;t;;;;;;;;;;;;;;
Homsap IGLV3-12*01 F;t;c;c;t;a;t;g;a;g;c;t;g;a;c;t;c;a;g;c;c;a;c;a;c;t;c;a;.;.;.;g;t;g;t;c;a;g;t;g;g;c;c;a;c;a;g;c;a;c;a;g;a;t;g;g;c;c;a;g;g;a;t;c;a;c;c;t;g;t;g;g;g;g;g;a;a;a;c;a;a;c;a;t;t;g;g;a;.;.;.;.;.;.;.;.;.;.;.;.;.;.;.;.;.;.;a;g;t;a;a;a;g;c;t;g;t;g;c;a;c;t;g;g;t;a;c;c;a;g;c;a;a;a;a;g;c;c;a;g;g;c;c;a;g;g;a;c;c;c;t;g;t;g;c;t;g;g;t;c;a;t;c;t;a;t;a;g;c;g;a;t;.;.;.;.;.;.;.;.;.;.;.;.;.;.;.;.;.;.;.;.;.;a;g;c;a;a;c;c;g;g;c;c;c;t;c;a;g;g;g;a;t;c;c;c;t;.;.;.;g;a;g;c;g;a;t;t;c;t;c;t;g;g;c;t;c;c;a;a;c;.;.;.;.;.;.;c;c;a;g;g;g;a;a;c;a;c;c;a;c;c;a;c;c;c;t;a;a;c;c;a;t;c;a;g;c;a;g;g;a;t;c;g;a;g;g;c;t;g;g;g;g;a;t;g;a;g;g;c;t;g;a;c;t;a;t;t;a;c;t;g;t;c;a;g;g;t;g;t;g;g;g;a;c;a;g;t;a;g;t;a;g;t;g;a;t;c;a;t;c;c;;;;;;;;;
Homsap IGLV3-12*02 F;t;c;c;t;a;t;g;a;g;c;t;g;a;c;t;c;a;g;c;c;a;c;a;c;t;c;a;.;.;.;g;t;g;t;c;a;g;t;g;g;c;c;a;c;a;g;c;a;c;a;g;a;t;g;g;c;c;a;g;g;a;t;c;a;c;c;t;g;t;g;g;g;g;g;a;a;a;c;a;a;c;a;t;t;g;g;a;.;.;.;.;.;.;.;.;.;.;.;.;.;.;.;.;.;.;a;g;t;a;a;a;g;c;t;g;t;g;c;a;c;t;g;g;t;a;c;c;a;g;c;a;a;a;a;g;c;c;a;g;g;c;c;a;g;g;a;c;c;c;t;g;t;g;c;t;g;g;t;c;a;t;c;t;a;t;a;g;c;g;a;t;.;.;.;.;.;.;.;.;.;.;.;.;.;.;.;.;.;.;.;.;.;a;g;c;a;a;c;c;g;g;c;c;c;t;c;a;g;g;g;a;t;c;c;c;t;.;.;.;g;a;g;c;g;a;t;t;c;t;c;t;g;g;c;t;c;c;a;a;c;.;.;.;.;.;.;c;c;a;g;g;g;a;a;c;a;c;c;g;c;c;a;c;c;c;t;a;a;c;c;a;t;c;a;g;c;a;g;g;a;t;c;g;a;g;g;c;t;g;g;g;g;a;t;g;a;g;g;c;t;g;a;c;t;a;t;t;a;c;t;g;t;c;a;g;g;t;g;t;g;g;g;a;c;a;g;t;a;g;t;a;g;t;g;a;t;c;a;t;c;c;;;;;;;;;
Homsap IGLV3-13*01 P;t;c;c;t;a;t;g;a;g;c;t;g;a;c;a;c;a;g;c;c;a;c;c;c;g;c;g;.;.;.;g;t;g;t;c;a;g;t;g;t;c;c;c;c;a;g;g;a;c;a;g;a;c;a;g;c;c;a;g;g;a;t;c;a;g;c;t;g;c;t;c;t;g;g;a;g;a;t;g;t;a;c;t;g;a;g;g;.;.;.;.;.;.;.;.;.;.;.;.;.;.;.;.;.;.;g;a;t;a;a;t;t;a;t;g;c;t;g;a;c;t;g;g;t;a;c;c;c;g;c;a;a;a;a;g;c;c;a;g;g;c;c;a;g;g;c;c;c;c;t;g;t;g;c;t;g;g;t;g;a;t;a;t;a;t;a;a;a;g;a;t;.;.;.;.;.;.;.;.;.;.;.;.;.;.;.;.;.;.;.;.;.;g;g;t;g;a;g;c;g;g;c;c;c;t;c;t;g;g;a;a;t;c;c;c;t;.;.;.;g;a;g;c;g;a;t;t;c;t;c;t;g;g;g;t;c;c;a;c;c;.;.;.;.;.;.;t;c;a;g;g;g;a;a;c;a;c;a;a;c;c;g;c;c;c;t;g;a;c;c;a;t;t;a;g;c;a;g;g;g;t;c;c;t;g;a;c;c;a;a;a;g;g;c;g;g;g;g;c;t;g;a;c;t;a;t;t;a;c;t;g;t;t;t;t;t;c;t;g;g;t;g;a;t;t;a;g;a;a;c;a;a;t;c;t;;;;;;;;;;;;;;;
Homsap IGLV3-16*01 F;t;c;c;t;a;t;g;a;g;c;t;g;a;c;a;c;a;g;c;c;a;c;c;c;t;c;g;.;.;.;g;t;g;t;c;a;g;t;g;t;c;c;c;t;a;g;g;a;c;a;g;a;t;g;g;c;c;a;g;g;a;t;c;a;c;c;t;g;c;t;c;t;g;g;a;g;a;a;g;c;a;t;t;g;c;c;a;.;.;.;.;.;.;.;.;.;.;.;.;.;.;.;.;.;.;a;a;a;a;a;a;t;a;t;g;c;t;t;a;t;t;g;g;t;a;c;c;a;g;c;a;g;a;a;g;c;c;a;g;g;c;c;a;g;t;t;c;c;c;t;g;t;g;c;t;g;g;t;g;a;t;a;t;a;t;a;a;a;g;a;c;.;.;.;.;.;.;.;.;.;.;.;.;.;.;.;.;.;.;.;.;.;a;g;c;g;a;g;a;g;g;c;c;c;t;c;a;g;g;g;a;t;c;c;c;t;.;.;.;g;a;g;c;g;a;t;t;c;t;c;t;g;g;c;t;c;c;a;g;c;.;.;.;.;.;.;t;c;a;g;g;g;a;c;a;a;t;a;g;t;c;a;c;a;t;t;g;a;c;c;a;t;c;a;g;t;g;g;a;g;t;c;c;a;g;g;c;a;g;a;a;g;a;c;g;a;g;g;c;t;g;a;c;t;a;t;t;a;c;t;g;t;c;t;a;t;c;a;g;c;a;g;a;c;a;g;c;a;g;t;g;g;t;a;c;t;t;a;t;c;c;;;;;;;;;
Homsap IGLV3-19*01 F;t;c;t;t;c;t;g;a;g;c;t;g;a;c;t;c;a;g;g;a;c;c;c;t;g;c;t;.;.;.;g;t;g;t;c;t;g;t;g;g;c;c;t;t;g;g;g;a;c;a;g;a;c;a;g;t;c;a;g;g;a;t;c;a;c;a;t;g;c;c;a;a;g;g;a;g;a;c;a;g;c;c;t;c;a;g;a;.;.;.;.;.;.;.;.;.;.;.;.;.;.;.;.;.;.;a;g;c;t;a;t;t;a;t;g;c;a;a;g;c;t;g;g;t;a;c;c;a;g;c;a;g;a;a;g;c;c;a;g;g;a;c;a;g;g;c;c;c;c;t;g;t;a;c;t;t;g;t;c;a;t;c;t;a;t;g;g;t;a;a;a;.;.;.;.;.;.;.;.;.;.;.;.;.;.;.;.;.;.;.;.;.;a;a;c;a;a;c;c;g;g;c;c;c;t;c;a;g;g;g;a;t;c;c;c;a;.;.;.;g;a;c;c;g;a;t;t;c;t;c;t;g;g;c;t;c;c;a;g;c;.;.;.;.;.;.;t;c;a;g;g;a;a;a;c;a;c;a;g;c;t;t;c;c;t;t;g;a;c;c;a;t;c;a;c;t;g;g;g;g;c;t;c;a;g;g;c;g;g;a;a;g;a;t;g;a;g;g;c;t;g;a;c;t;a;t;t;a;c;t;g;t;a;a;c;t;c;c;c;g;g;g;a;c;a;g;c;a;g;t;g;g;t;a;a;c;c;a;t;c;t;;;;;;;;;
Homsap IGLV3-21*01 F;t;c;c;t;a;t;g;t;g;c;t;g;a;c;t;c;a;g;c;c;a;c;c;c;t;c;a;.;.;.;g;t;g;t;c;a;g;t;g;g;c;c;c;c;a;g;g;a;a;a;g;a;c;g;g;c;c;a;g;g;a;t;t;a;c;c;t;g;t;g;g;g;g;g;a;a;a;c;a;a;c;a;t;t;g;g;a;.;.;.;.;.;.;.;.;.;.;.;.;.;.;.;.;.;.;a;g;t;a;a;a;a;g;t;g;t;g;c;a;c;t;g;g;t;a;c;c;a;g;c;a;g;a;a;g;c;c;a;g;g;c;c;a;g;g;c;c;c;c;t;g;t;g;c;t;g;g;t;c;a;t;c;t;a;t;t;a;t;g;a;t;.;.;.;.;.;.;.;.;.;.;.;.;.;.;.;.;.;.;.;.;.;a;g;c;g;a;c;c;g;g;c;c;c;t;c;a;g;g;g;a;t;c;c;c;t;.;.;.;g;a;g;c;g;a;t;t;c;t;c;t;g;g;c;t;c;c;a;a;c;.;.;.;.;.;.;t;c;t;g;g;g;a;a;c;a;c;g;g;c;c;a;c;c;c;t;g;a;c;c;a;t;c;a;g;c;a;g;g;g;t;c;g;a;a;g;c;c;g;g;g;g;a;t;g;a;g;g;c;c;g;a;c;t;a;t;t;a;c;t;g;t;c;a;g;g;t;g;t;g;g;g;a;c;a;g;t;a;g;t;a;g;t;g;a;t;c;a;t;c;c;;;;;;;;;
Homsap IGLV3-21*02 F;t;c;c;t;a;t;g;t;g;c;t;g;a;c;t;c;a;g;c;c;a;c;c;c;t;c;g;.;.;.;g;t;g;t;c;a;g;t;g;g;c;c;c;c;a;g;g;a;c;a;g;a;c;g;g;c;c;a;g;g;a;t;t;a;c;c;t;g;t;g;g;g;g;g;a;a;a;c;a;a;c;a;t;t;g;g;a;.;.;.;.;.;.;.;.;.;.;.;.;.;.;.;.;.;.;a;g;t;a;a;a;a;g;t;g;t;g;c;a;c;t;g;g;t;a;c;c;a;g;c;a;g;a;a;g;c;c;a;g;g;c;c;a;g;g;c;c;c;c;t;g;t;g;c;t;g;g;t;c;g;t;c;t;a;t;g;a;t;g;a;t;.;.;.;.;.;.;.;.;.;.;.;.;.;.;.;.;.;.;.;.;.;a;g;c;g;a;c;c;g;g;c;c;c;t;c;a;g;g;g;a;t;c;c;c;t;.;.;.;g;a;g;c;g;a;t;t;c;t;c;t;g;g;c;t;c;c;a;a;c;.;.;.;.;.;.;t;c;t;g;g;g;a;a;c;a;c;g;g;c;c;a;c;c;c;t;g;a;c;c;a;t;c;a;g;c;a;g;g;g;t;c;g;a;a;g;c;c;g;g;g;g;a;t;g;a;g;g;c;c;g;a;c;t;a;t;t;a;c;t;g;t;c;a;g;g;t;g;t;g;g;g;a;t;a;g;t;a;g;t;a;g;t;g;a;t;c;a;t;c;c;;;;;;;;;
Homsap IGLV3-21*03 F;t;c;c;t;a;t;g;t;g;c;t;g;a;c;t;c;a;g;c;c;a;c;c;c;t;c;g;.;.;.;g;t;g;t;c;a;g;t;g;g;c;c;c;c;a;g;g;a;a;a;g;a;c;g;g;c;c;a;g;g;a;t;t;a;c;c;t;g;t;g;g;g;g;g;a;a;a;c;a;a;c;a;t;t;g;g;a;.;.;.;.;.;.;.;.;.;.;.;.;.;.;.;.;.;.;a;g;t;a;a;a;a;g;t;g;t;g;c;a;c;t;g;g;t;a;c;c;a;g;c;a;g;a;a;g;c;c;a;g;g;c;c;a;g;g;c;c;c;c;t;g;t;g;c;t;g;g;t;c;g;t;c;t;a;t;g;a;t;g;a;t;.;.;.;.;.;.;.;.;.;.;.;.;.;.;.;.;.;.;.;.;.;a;g;c;g;a;c;c;g;g;c;c;c;t;c;a;g;g;g;a;t;c;c;c;t;.;.;.;g;a;g;c;g;a;t;t;c;t;c;t;g;g;c;t;c;c;a;a;c;.;.;.;.;.;.;t;c;t;g;g;g;a;a;c;a;c;g;g;c;c;a;c;c;c;t;g;a;c;c;a;t;c;a;g;c;a;g;g;g;t;c;g;a;a;g;c;c;g;g;g;g;a;t;g;a;g;g;c;c;g;a;c;t;a;t;t;a;c;t;g;t;c;a;g;g;t;g;t;g;g;g;a;t;a;g;t;a;g;t;a;g;t;g;a;t;c;a;t;c;c;;;;;;;;;
Homsap IGLV3-22*01 F;t;c;c;t;a;t;g;a;g;c;t;g;a;c;a;c;a;g;c;t;a;c;c;c;t;c;g;.;.;.;g;t;g;t;c;a;g;t;g;t;c;c;c;c;a;g;g;a;c;a;g;a;c;a;g;c;c;a;g;g;a;t;c;a;c;c;t;g;c;t;c;t;g;g;a;g;a;t;g;t;a;c;t;g;g;g;g;.;.;.;.;.;.;.;.;.;.;.;.;.;.;.;.;.;.;g;a;a;a;a;t;t;a;t;g;c;t;g;a;c;t;g;g;t;a;c;c;a;g;c;a;g;a;a;g;c;c;a;g;g;c;c;a;g;g;c;c;c;c;t;g;a;g;t;t;g;g;t;g;a;t;a;t;a;c;g;a;a;g;a;t;.;.;.;.;.;.;.;.;.;.;.;.;.;.;.;.;.;.;.;.;.;a;g;t;g;a;g;c;g;g;t;a;c;c;c;t;g;g;a;a;t;c;c;c;t;.;.;.;g;a;a;c;g;a;t;t;c;t;c;t;g;g;g;t;c;c;a;c;c;.;.;.;.;.;.;t;c;a;g;g;g;a;a;c;a;c;g;a;c;c;a;c;c;c;t;g;a;c;c;a;t;c;a;g;c;a;g;g;g;t;c;c;t;g;a;c;c;g;a;a;g;a;c;g;a;g;g;c;t;g;a;c;t;a;t;t;a;c;t;g;t;t;t;g;t;c;t;g;g;g;g;a;t;g;a;g;g;a;c;a;a;t;c;c;;;;;;;;;;;;;;;
Homsap IGLV3-25*01 F;t;c;c;t;a;t;g;a;g;c;t;g;a;t;g;c;a;g;c;c;a;c;c;c;t;c;g;.;.;.;g;t;g;t;c;a;g;t;g;t;c;c;c;c;a;g;g;a;c;a;g;a;c;g;g;c;c;a;g;g;a;t;c;a;c;c;t;g;c;t;c;t;g;g;a;g;a;t;g;c;a;t;t;g;c;c;a;.;.;.;.;.;.;.;.;.;.;.;.;.;.;.;.;.;.;a;a;g;c;a;a;t;a;t;g;c;t;t;a;t;t;g;g;t;a;c;c;a;g;c;a;g;a;a;g;c;c;a;g;g;c;c;a;g;g;c;c;c;c;t;g;t;g;c;t;g;g;t;g;a;t;a;t;a;t;a;a;a;g;a;c;.;.;.;.;.;.;.;.;.;.;.;.;.;.;.;.;.;.;.;.;.;a;g;t;g;a;g;a;g;g;c;c;c;t;c;a;g;g;g;a;t;c;c;c;t;.;.;.;g;a;g;c;g;a;t;t;c;t;c;t;g;g;c;t;c;c;a;g;c;.;.;.;.;.;.;t;c;a;g;g;g;a;c;a;a;c;a;g;t;c;a;c;g;t;t;g;a;c;c;a;t;c;a;g;t;g;g;a;g;t;c;c;a;g;g;c;a;g;a;a;g;a;t;g;a;g;g;c;t;g;a;c;t;a;t;t;a;c;t;g;t;c;a;a;t;c;a;g;c;a;g;a;c;a;g;c;a;g;t;g;g;t;a;c;t;t;a;t;c;c;;;;;;;;;
Homsap IGLV3-25*02 F;t;c;c;t;a;t;g;a;g;c;t;g;a;c;a;c;a;g;c;c;a;c;c;c;t;c;g;.;.;.;g;t;g;t;c;a;g;t;g;t;c;c;c;c;a;g;g;a;c;a;g;a;c;g;g;c;c;a;g;g;a;t;c;a;c;c;t;g;c;t;c;t;g;g;a;g;a;t;g;c;a;t;t;g;c;c;a;.;.;.;.;.;.;.;.;.;.;.;.;.;.;.;.;.;.;a;a;g;c;a;a;t;a;t;g;c;t;t;a;t;t;g;g;t;a;c;c;a;g;c;a;g;a;a;g;c;c;a;g;g;c;c;a;g;g;c;c;c;c;t;g;t;g;c;t;g;g;t;g;a;t;a;t;a;t;a;a;a;g;a;c;.;.;.;.;.;.;.;.;.;.;.;.;.;.;.;.;.;.;.;.;.;a;g;t;g;a;g;a;g;g;c;c;c;t;c;a;g;g;g;a;t;c;c;c;t;.;.;.;g;a;g;c;g;a;t;t;c;t;c;t;g;g;c;t;c;c;a;g;c;.;.;.;.;.;.;t;c;a;g;g;g;a;c;a;a;c;a;g;t;c;a;c;g;t;t;g;a;c;c;a;t;c;a;g;t;g;g;a;g;t;c;c;a;g;g;c;a;g;a;a;g;a;t;g;a;g;g;c;t;g;a;c;t;a;t;t;a;c;t;g;t;c;a;a;t;c;a;g;c;a;g;a;c;a;g;c;a;g;t;g;g;t;a;c;t;t;a;t;c;c;;;;;;;;;
Homsap IGLV3-25*03 F;t;c;c;t;a;t;g;a;g;c;t;g;a;c;a;c;a;g;c;c;a;c;c;c;t;c;g;.;.;.;g;t;g;t;c;a;g;t;g;t;c;c;c;c;a;g;g;a;c;a;g;a;c;g;g;c;c;a;g;g;a;t;c;a;c;c;t;g;c;t;c;t;g;g;a;g;a;t;g;c;a;t;t;g;c;c;a;.;.;.;.;.;.;.;.;.;.;.;.;.;.;.;.;.;.;a;a;g;c;a;a;t;a;t;g;c;t;t;a;t;t;g;g;t;a;c;c;a;g;c;a;g;a;a;g;c;c;a;g;g;c;c;a;g;g;c;c;c;c;t;g;t;g;c;t;g;g;t;g;a;t;a;t;a;t;a;a;a;g;a;c;.;.;.;.;.;.;.;.;.;.;.;.;.;.;.;.;.;.;.;.;.;a;g;t;g;a;g;a;g;g;c;c;c;t;c;a;g;g;g;a;t;c;c;c;t;.;.;.;g;a;g;c;g;a;t;t;c;t;c;t;g;g;c;t;c;c;a;g;c;.;.;.;.;.;.;t;c;a;g;g;g;a;c;a;a;c;a;g;t;c;a;c;g;t;t;g;a;c;c;a;t;c;a;g;t;g;g;a;g;t;c;c;a;g;g;c;a;g;a;a;g;a;c;g;a;g;g;c;t;g;a;c;t;a;t;t;a;c;t;g;t;c;a;a;t;c;a;g;c;a;g;a;c;a;g;c;a;g;t;g;g;t;;;;;;;;;;;;;;;;;
Homsap IGLV3-27*01 F;t;c;c;t;a;t;g;a;g;c;t;g;a;c;a;c;a;g;c;c;a;t;c;c;t;c;a;.;.;.;g;t;g;t;c;a;g;t;g;t;c;t;c;c;g;g;g;a;c;a;g;a;c;a;g;c;c;a;g;g;a;t;c;a;c;c;t;g;c;t;c;a;g;g;a;g;a;t;g;t;a;c;t;g;g;c;a;.;.;.;.;.;.;.;.;.;.;.;.;.;.;.;.;.;.;a;a;a;a;a;a;t;a;t;g;c;t;c;g;g;t;g;g;t;t;c;c;a;g;c;a;g;a;a;g;c;c;a;g;g;c;c;a;g;g;c;c;c;c;t;g;t;g;c;t;g;g;t;g;a;t;t;t;a;t;a;a;a;g;a;c;.;.;.;.;.;.;.;.;.;.;.;.;.;.;.;.;.;.;.;.;.;a;g;t;g;a;g;c;g;g;c;c;c;t;c;a;g;g;g;a;t;c;c;c;t;.;.;.;g;a;g;c;g;a;t;t;c;t;c;c;g;g;c;t;c;c;a;g;c;.;.;.;.;.;.;t;c;a;g;g;g;a;c;c;a;c;a;g;t;c;a;c;c;t;t;g;a;c;c;a;t;c;a;g;c;g;g;g;g;c;c;c;a;g;g;t;t;g;a;g;g;a;t;g;a;g;g;c;t;g;a;c;t;a;t;t;a;c;t;g;t;t;a;c;t;c;t;g;c;g;g;c;t;g;a;c;a;a;c;a;a;t;c;t;;;;;;;;;;;;;;;
Homsap IGLV3-31*01 P;t;c;c;t;c;t;g;a;g;c;t;g;a;g;t;c;a;g;g;a;g;c;c;t;g;c;a;.;.;.;g;t;g;t;c;t;g;t;g;g;c;c;t;t;g;g;g;a;t;a;g;a;c;a;g;c;c;a;g;g;a;t;c;a;c;c;t;g;c;c;a;g;g;g;a;g;a;c;a;g;c;a;t;a;g;a;a;.;.;.;.;.;.;.;.;.;.;.;.;.;.;.;.;.;.;g;a;c;t;c;c;g;t;t;g;t;a;a;a;c;t;g;g;t;a;c;a;a;g;c;a;g;a;a;g;c;c;a;a;g;c;c;a;g;g;c;c;c;c;t;g;g;g;c;t;g;g;t;c;a;t;c;t;a;a;c;t;t;a;a;c;.;.;.;.;.;.;.;.;.;.;.;.;.;.;.;.;.;.;.;.;.;a;g;t;g;t;c;c;a;g;t;c;t;t;c;a;g;g;g;a;t;t;c;c;t;.;.;.;a;a;g;a;a;a;t;t;c;t;c;t;g;g;c;t;c;c;a;g;c;.;.;.;.;.;.;t;c;a;g;g;g;a;a;c;a;t;g;g;c;c;a;c;c;c;t;g;a;c;c;a;t;c;a;c;t;g;g;g;a;t;t;c;a;g;g;t;t;g;a;a;g;a;c;a;a;g;g;c;t;g;a;c;t;a;t;t;a;c;t;g;t;c;a;g;t;c;a;t;g;g;g;a;c;a;g;c;a;g;t;c;g;t;a;c;t;c;a;t;t;c;;;;;;;;;
Homsap IGLV3-31*02 P;t;c;c;t;c;t;g;a;g;c;t;g;a;g;t;c;a;g;g;a;g;c;c;t;g;c;a;.;.;.;g;t;g;t;c;t;g;t;g;t;c;c;t;t;g;g;g;a;t;a;g;a;c;a;g;c;c;a;g;g;a;t;c;a;c;c;t;g;c;c;a;g;g;g;a;g;a;c;a;g;c;a;t;a;g;a;a;.;.;.;.;.;.;.;.;.;.;.;.;.;.;.;.;.;.;g;a;c;t;c;c;g;t;t;g;t;a;a;a;c;t;g;g;t;a;c;a;a;g;c;a;g;a;a;g;c;c;a;a;g;c;c;a;g;g;c;c;c;c;t;g;g;g;c;t;g;g;t;c;a;t;c;t;a;a;c;t;t;a;a;c;.;.;.;.;.;.;.;.;.;.;.;.;.;.;.;.;.;.;.;.;.;a;g;t;g;t;c;c;a;g;t;c;t;t;c;a;g;g;g;a;t;t;c;c;t;.;.;.;a;a;g;a;a;a;t;t;c;t;c;t;g;g;c;t;c;c;a;g;c;.;.;.;.;.;.;t;c;a;g;g;g;a;a;c;a;t;g;g;c;c;a;c;c;c;t;g;a;c;c;a;t;c;a;c;t;g;g;g;a;t;t;c;a;g;g;t;t;g;a;a;g;a;c;a;a;g;g;c;t;g;a;c;t;a;t;t;a;c;t;g;t;c;a;g;t;c;a;t;g;g;g;a;c;a;g;c;a;g;t;c;g;t;a;c;t;c;a;t;t;c;;;;;;;;;
Homsap IGLV3-32*01 ORF;t;c;c;t;c;t;g;g;g;c;c;a;a;c;t;c;a;g;g;t;g;c;c;t;g;c;a;.;.;.;g;t;g;t;c;t;g;t;g;g;c;c;t;t;g;g;g;a;c;a;a;a;t;g;g;c;c;a;g;g;a;t;c;a;c;c;t;g;c;c;a;g;g;g;a;g;a;c;a;g;c;a;t;g;g;a;a;.;.;.;.;.;.;.;.;.;.;.;.;.;.;.;.;.;.;g;g;c;t;c;t;t;a;t;g;a;a;c;a;c;t;g;g;t;a;c;c;a;g;c;a;g;a;a;g;c;c;a;g;g;c;c;a;g;g;c;c;c;c;c;g;t;g;c;t;g;g;t;c;a;t;c;t;a;t;g;a;t;a;g;c;.;.;.;.;.;.;.;.;.;.;.;.;.;.;.;.;.;.;.;.;.;a;g;t;g;a;c;c;g;g;c;c;c;t;c;a;a;g;g;a;t;c;c;c;t;.;.;.;g;a;g;c;g;a;t;t;c;t;c;t;g;g;c;t;c;c;a;a;a;.;.;.;.;.;.;t;c;a;g;g;c;a;a;c;a;c;a;a;c;c;a;c;c;c;t;g;a;c;c;a;t;c;a;c;t;g;g;g;g;c;c;c;a;g;g;c;t;g;a;g;g;a;t;g;a;g;g;c;t;g;a;t;t;a;t;t;a;c;t;a;t;c;a;g;t;t;g;a;t;a;g;a;c;a;a;c;c;a;t;g;c;t;a;c;;;;;;;;;;;;;;;
Homsap IGLV3-9*01 F;t;c;c;t;a;t;g;a;g;c;t;g;a;c;t;c;a;g;c;c;a;c;t;c;t;c;a;.;.;.;g;t;g;t;c;a;g;t;g;g;c;c;c;t;g;g;g;a;c;a;g;a;c;g;g;c;c;a;g;g;a;t;t;a;c;c;t;g;t;g;g;g;g;g;a;a;a;c;a;a;c;a;t;t;g;g;a;.;.;.;.;.;.;.;.;.;.;.;.;.;.;.;.;.;.;a;g;t;a;a;a;a;a;t;g;t;g;c;a;c;t;g;g;t;a;c;c;a;g;c;a;g;a;a;g;c;c;a;g;g;c;c;a;g;g;c;c;c;c;t;g;t;g;c;t;g;g;t;c;a;t;c;t;a;t;a;g;g;g;a;t;.;.;.;.;.;.;.;.;.;.;.;.;.;.;.;.;.;.;.;.;.;a;g;c;a;a;c;c;g;g;c;c;c;t;c;t;g;g;g;a;t;c;c;c;t;.;.;.;g;a;g;c;g;a;t;t;c;t;c;t;g;g;c;t;c;c;a;a;c;.;.;.;.;.;.;t;c;g;g;g;g;a;a;c;a;c;g;g;c;c;a;c;c;c;t;g;a;c;c;a;t;c;a;g;c;a;g;a;g;c;c;c;a;a;g;c;c;g;g;g;g;a;t;g;a;g;g;c;t;g;a;c;t;a;t;t;a;c;t;g;t;c;a;g;g;t;g;t;g;g;g;a;c;a;g;c;a;g;c;a;c;t;g;c;a;;;;;;;;;;;;;;
Homsap IGLV3-9*02 F;t;c;c;t;a;t;g;a;g;c;t;g;a;c;t;c;a;g;c;c;a;c;t;c;t;c;a;.;.;.;g;t;g;t;c;a;g;t;g;g;c;c;c;t;g;g;g;a;c;a;g;g;c;g;g;c;c;a;g;g;a;t;t;a;c;c;t;g;t;g;g;g;g;g;a;a;a;c;a;a;c;c;t;t;g;g;a;.;.;.;.;.;.;.;.;.;.;.;.;.;.;.;.;.;.;t;a;t;a;a;a;a;g;t;g;t;g;c;a;c;t;g;g;t;a;c;c;a;g;c;a;g;a;a;g;c;c;a;g;g;c;c;a;g;g;c;c;c;c;t;g;t;g;c;t;g;g;t;c;a;t;c;t;a;t;a;g;g;g;a;t;.;.;.;.;.;.;.;.;.;.;.;.;.;.;.;.;.;.;.;.;.;a;a;c;a;a;c;c;g;g;c;c;c;t;c;t;g;g;g;a;t;c;c;c;t;.;.;.;g;a;g;c;g;a;t;t;c;t;c;t;g;g;c;t;c;c;a;a;c;.;.;.;.;.;.;t;c;g;g;g;g;a;a;c;a;c;g;g;c;c;a;c;c;c;t;g;a;c;c;a;t;c;a;g;c;a;g;a;g;c;c;c;a;a;g;c;c;g;g;g;g;a;t;g;a;g;g;c;t;g;a;c;t;a;t;t;a;c;t;g;t;c;a;g;g;t;g;t;g;g;g;a;c;a;g;c;a;g;c;a;c;t;g;c;a;c;a;c;c;c;;;;;;;;;
Homsap IGLV4-3*01 F;c;t;g;c;c;t;g;t;g;c;t;g;a;c;t;c;a;g;c;c;c;c;c;g;t;c;t;.;.;.;g;c;a;t;c;t;g;c;c;t;t;g;c;t;g;g;g;a;g;c;c;t;c;g;a;t;c;a;a;g;c;t;c;a;c;c;t;g;c;a;c;c;c;t;a;a;g;c;a;g;t;g;a;g;c;a;c;a;g;c;.;.;.;.;.;.;.;.;.;.;.;.;.;.;.;a;c;c;t;a;c;a;c;c;a;t;c;g;a;a;t;g;g;t;a;t;c;a;a;c;a;g;a;g;a;c;c;a;g;g;g;a;g;g;t;c;c;c;c;c;c;a;g;t;a;t;a;t;a;a;t;g;a;a;g;g;t;t;a;a;g;a;g;t;g;a;t;.;.;.;.;.;.;.;.;.;g;g;c;a;g;c;c;a;c;a;g;c;a;a;g;g;g;g;g;a;c;g;g;g;a;t;c;c;c;c;.;.;.;g;a;t;c;g;c;t;t;c;a;t;g;g;g;c;t;c;c;a;g;t;.;.;.;.;.;.;t;c;t;g;g;g;g;c;t;g;a;c;c;g;c;t;a;c;c;t;c;a;c;c;t;t;c;t;c;c;a;a;c;c;t;c;c;a;g;t;c;t;g;a;c;g;a;t;g;a;g;g;c;t;g;a;g;t;a;t;c;a;c;t;g;t;g;g;a;g;a;g;a;g;c;c;a;c;a;c;g;a;t;t;g;a;t;g;g;c;c;a;a;g;t;c;g;g;t;t;g;a;g;c
Homsap IGLV4-60*01 F;c;a;g;c;c;t;g;t;g;c;t;g;a;c;t;c;a;a;t;c;a;t;c;c;t;c;t;.;.;.;g;c;c;t;c;t;g;c;t;t;c;c;c;t;g;g;g;a;t;c;c;t;c;g;g;t;c;a;a;g;c;t;c;a;c;c;t;g;c;a;c;t;c;t;g;a;g;c;a;g;t;g;g;g;c;a;c;a;g;t;.;.;.;.;.;.;.;.;.;.;.;.;.;.;.;a;g;c;t;a;c;a;t;c;a;t;c;g;c;a;t;g;g;c;a;t;c;a;g;c;a;g;c;a;g;c;c;a;g;g;g;a;a;g;g;c;c;c;c;t;c;g;g;t;a;c;t;t;g;a;t;g;a;a;g;c;t;t;g;a;a;g;g;t;a;g;t;.;.;.;.;.;.;.;.;.;g;g;a;a;g;c;t;a;c;a;a;c;a;a;g;g;g;g;a;g;c;g;g;a;g;t;t;c;c;t;.;.;.;g;a;t;c;g;c;t;t;c;t;c;a;g;g;c;t;c;c;a;g;c;.;.;.;.;.;.;t;c;t;g;g;g;g;c;t;g;a;c;c;g;c;t;a;c;c;t;c;a;c;c;a;t;c;t;c;c;a;a;c;c;t;c;c;a;g;t;t;a;g;a;g;g;a;t;g;a;g;g;c;t;g;a;t;t;a;t;t;a;c;t;g;t;g;a;g;a;c;c;t;g;g;g;a;c;a;g;t;a;a;c;a;c;t;;;;;;;;;;;;;;;;;
Homsap IGLV4-60*02 F;c;a;g;c;c;t;g;t;g;c;t;g;a;c;t;c;a;a;t;c;a;t;c;c;t;c;t;.;.;.;g;c;c;t;c;t;g;c;t;t;c;c;c;t;g;g;g;a;t;c;c;t;c;g;g;t;c;a;a;g;c;t;c;a;c;c;t;g;c;a;c;t;c;t;g;a;g;c;a;g;t;g;g;g;c;a;c;a;g;t;.;.;.;.;.;.;.;.;.;.;.;.;.;.;.;a;g;c;t;a;c;a;t;c;a;t;c;g;c;a;t;g;g;c;a;t;c;a;g;c;a;g;c;a;g;c;c;a;g;g;g;a;a;g;g;c;c;c;c;t;c;g;g;t;a;c;t;t;g;a;t;g;a;a;g;c;t;t;g;a;a;g;g;t;a;g;t;.;.;.;.;.;.;.;.;.;g;g;a;a;g;c;t;a;c;a;a;c;a;a;g;g;g;g;a;g;c;g;g;a;g;t;t;c;c;t;.;.;.;g;a;t;c;g;c;t;t;c;t;c;a;g;g;c;t;c;c;a;g;c;.;.;.;.;.;.;t;c;t;g;g;g;g;c;t;g;a;c;c;g;c;t;a;c;c;t;c;a;c;c;a;t;c;t;c;c;a;a;c;c;t;c;c;a;g;t;t;t;g;a;g;g;a;t;g;a;g;g;c;t;g;a;t;t;a;t;t;a;c;t;g;t;g;a;g;a;c;c;t;g;g;g;a;c;a;g;t;a;a;c;a;c;t;c;a;;;;;;;;;;;;;;;
Homsap IGLV4-60*03 F;c;a;g;c;c;t;g;t;g;c;t;g;a;c;t;c;a;a;t;c;a;t;c;c;t;c;t;.;.;.;g;c;c;t;c;t;g;c;t;t;c;c;c;t;g;g;g;a;t;c;c;t;c;g;g;t;c;a;a;g;c;t;c;a;c;c;t;g;c;a;c;t;c;t;g;a;g;c;a;g;t;g;g;g;c;a;c;a;g;t;.;.;.;.;.;.;.;.;.;.;.;.;.;.;.;a;g;c;t;a;c;a;t;c;a;t;c;g;c;a;t;g;g;c;a;t;c;a;g;c;a;g;c;a;g;c;c;a;g;g;g;a;a;g;g;c;c;c;c;t;c;g;g;t;a;c;t;t;g;a;t;g;a;a;g;c;t;t;g;a;a;g;g;t;a;g;t;.;.;.;.;.;.;.;.;.;g;g;a;a;g;c;t;a;c;a;a;c;a;a;g;g;g;g;a;g;c;g;g;a;g;t;t;c;c;t;.;.;.;g;a;t;c;g;c;t;t;c;t;c;a;g;g;c;t;c;c;a;g;c;.;.;.;.;.;.;t;c;t;g;g;g;g;c;t;g;a;c;c;g;c;t;a;c;c;t;c;a;c;c;a;t;c;t;c;c;a;a;c;c;t;c;c;a;g;t;c;t;g;a;g;g;a;t;g;a;g;g;c;t;g;a;t;t;a;t;t;a;c;t;g;t;g;a;g;a;c;c;t;g;g;g;a;c;a;g;t;a;a;c;a;c;t;;;;;;;;;;;;;;;;;
Homsap IGLV4-69*01 F;c;a;g;c;t;t;g;t;g;c;t;g;a;c;t;c;a;a;t;c;g;c;c;c;t;c;t;.;.;.;g;c;c;t;c;t;g;c;c;t;c;c;c;t;g;g;g;a;g;c;c;t;c;g;g;t;c;a;a;g;c;t;c;a;c;c;t;g;c;a;c;t;c;t;g;a;g;c;a;g;t;g;g;g;c;a;c;a;g;c;.;.;.;.;.;.;.;.;.;.;.;.;.;.;.;a;g;c;t;a;c;g;c;c;a;t;c;g;c;a;t;g;g;c;a;t;c;a;g;c;a;g;c;a;g;c;c;a;g;a;g;a;a;g;g;g;c;c;c;t;c;g;g;t;a;c;t;t;g;a;t;g;a;a;g;c;t;t;a;a;c;a;g;t;g;a;t;.;.;.;.;.;.;.;.;.;g;g;c;a;g;c;c;a;c;a;g;c;a;a;g;g;g;g;g;a;c;g;g;g;a;t;c;c;c;t;.;.;.;g;a;t;c;g;c;t;t;c;t;c;a;g;g;c;t;c;c;a;g;c;.;.;.;.;.;.;t;c;t;g;g;g;g;c;t;g;a;g;c;g;c;t;a;c;c;t;c;a;c;c;a;t;c;t;c;c;a;g;c;c;t;c;c;a;g;t;c;t;g;a;g;g;a;t;g;a;g;g;c;t;g;a;c;t;a;t;t;a;c;t;g;t;c;a;g;a;c;c;t;g;g;g;g;c;a;c;t;g;g;c;a;t;t;c;a;;;;;;;;;;;;;;;
Homsap IGLV4-69*02 F;c;a;g;c;t;t;g;t;g;c;t;g;a;c;t;c;a;a;t;c;g;c;c;c;t;c;t;.;.;.;g;c;c;t;c;t;g;c;c;t;c;c;c;t;g;g;g;a;g;c;c;t;c;g;g;t;c;a;a;g;c;t;c;a;c;c;t;g;c;a;c;t;c;t;g;a;g;c;a;g;t;g;g;g;c;a;c;a;g;c;.;.;.;.;.;.;.;.;.;.;.;.;.;.;.;a;g;c;t;a;c;g;c;c;a;t;c;g;c;a;t;g;g;c;a;t;c;a;g;c;a;g;c;a;g;c;c;a;g;a;g;a;a;g;g;g;c;c;c;t;c;g;g;t;a;c;t;t;g;a;t;g;a;a;g;c;t;t;a;a;c;a;g;t;g;a;t;.;.;.;.;.;.;.;.;.;g;g;c;a;g;c;c;a;c;a;g;t;a;a;g;g;g;g;g;a;c;g;g;g;a;t;c;c;c;t;.;.;.;g;a;t;c;g;c;t;t;c;t;c;a;g;g;c;t;c;c;a;g;c;.;.;.;.;.;.;t;c;t;g;g;g;g;c;t;g;a;g;c;g;c;t;a;c;c;t;c;a;c;c;a;t;c;t;c;c;a;g;c;c;t;c;c;a;g;t;c;t;g;a;g;g;a;t;g;a;g;g;c;t;g;a;c;t;a;t;t;a;c;t;g;t;c;a;g;a;c;c;t;g;g;g;g;c;a;c;t;g;g;c;a;t;t;c;a;;;;;;;;;;;;;;;
Homsap IGLV5-37*01 F;c;a;g;c;c;t;g;t;g;c;t;g;a;c;t;c;a;g;c;c;a;c;c;t;t;c;c;.;.;.;t;c;c;t;c;c;g;c;a;t;c;t;c;c;t;g;g;a;g;a;a;t;c;c;g;c;c;a;g;a;c;t;c;a;c;c;t;g;c;a;c;c;t;t;g;c;c;c;a;g;t;g;a;c;a;t;c;a;a;t;g;t;t;.;.;.;.;.;.;.;.;.;g;g;t;a;g;c;t;a;c;a;a;c;a;t;a;t;a;c;t;g;g;t;a;c;c;a;g;c;a;g;a;a;g;c;c;a;g;g;g;a;g;c;c;c;t;c;c;c;a;g;g;t;a;t;c;t;c;c;t;g;t;a;c;t;a;c;t;a;c;t;c;a;g;a;c;.;.;.;.;.;.;.;.;.;t;c;a;g;a;t;a;a;g;g;g;c;c;a;g;g;g;c;t;c;t;g;g;a;g;t;c;c;c;c;.;.;.;a;g;c;c;g;c;t;t;c;t;c;t;g;g;a;t;c;c;a;a;a;g;a;t;g;c;t;t;c;a;g;c;c;a;a;t;a;c;a;g;g;g;a;t;t;t;t;a;c;t;c;a;t;c;t;c;c;g;g;g;c;t;c;c;a;g;t;c;t;g;a;g;g;a;t;g;a;g;g;c;t;g;a;c;t;a;t;t;a;c;t;g;t;a;t;g;a;t;t;t;g;g;c;c;a;a;g;c;a;a;t;g;c;t;t;c;t;;;;;;;;;;;;;;
Homsap IGLV5-39*01 F;c;a;g;c;c;t;g;t;g;c;t;g;a;c;t;c;a;g;c;c;a;a;c;c;t;c;c;.;.;.;c;t;c;t;c;a;g;c;a;t;c;t;c;c;t;g;g;a;g;c;a;t;c;a;g;c;c;a;g;a;t;t;c;a;c;c;t;g;c;a;c;c;t;t;g;c;g;c;a;g;t;g;g;c;a;t;c;a;a;t;g;t;t;.;.;.;.;.;.;.;.;.;g;g;t;a;c;c;t;a;c;a;g;g;a;t;a;t;a;c;t;g;g;t;a;c;c;a;g;c;a;g;a;a;g;c;c;a;g;g;g;a;g;t;c;t;t;c;c;c;c;g;g;t;a;t;c;t;c;c;t;g;a;g;g;t;a;c;a;a;a;t;c;a;g;a;c;.;.;.;.;.;.;.;.;.;t;c;a;g;a;t;a;a;g;c;a;g;c;a;g;g;g;c;t;c;t;g;g;a;g;t;c;c;c;c;.;.;.;a;g;c;c;g;c;t;t;c;t;c;t;g;g;a;t;c;c;a;a;a;g;a;t;g;c;t;t;c;a;a;c;c;a;a;t;g;c;a;g;g;c;c;t;t;t;t;a;c;t;c;a;t;c;t;c;t;g;g;g;c;t;c;c;a;g;t;c;t;g;a;a;g;a;t;g;a;g;g;c;t;g;a;c;t;a;t;t;a;c;t;g;t;g;c;c;a;t;t;t;g;g;t;a;c;a;g;c;a;g;c;a;c;t;t;c;t;;;;;;;;;;;;;;
Homsap IGLV5-39*02 F;c;a;g;c;c;t;g;t;g;c;t;g;a;c;t;c;a;g;c;c;a;a;c;c;t;c;c;.;.;.;c;t;c;t;c;a;g;c;a;t;c;t;c;c;t;g;g;a;g;c;a;t;c;a;g;c;c;a;g;a;t;t;c;a;c;c;t;g;c;a;c;c;t;t;g;c;g;c;a;g;c;g;g;c;a;t;c;a;a;t;g;t;t;.;.;.;.;.;.;.;.;.;g;g;t;a;c;c;t;a;c;a;g;g;a;t;a;t;a;c;t;g;g;t;a;c;c;a;g;c;a;g;a;a;t;c;c;a;g;g;g;a;g;t;c;t;t;c;c;c;c;g;g;t;a;t;c;t;c;c;t;g;a;g;g;t;a;c;a;a;a;t;c;a;g;a;c;.;.;.;.;.;.;.;.;.;t;c;a;g;a;t;a;a;g;c;a;g;c;a;g;g;g;c;t;c;t;g;g;a;g;t;c;c;c;c;.;.;.;a;g;c;c;g;c;t;t;c;t;c;t;g;g;a;t;c;c;a;a;a;g;a;t;g;c;t;t;c;a;a;c;c;a;a;t;g;c;a;g;g;c;c;t;t;t;t;a;c;t;c;a;t;c;t;c;t;g;g;g;c;t;c;c;a;g;t;c;t;g;a;a;g;a;t;g;a;g;g;c;t;g;a;c;t;a;t;t;a;c;t;g;t;g;c;c;a;t;t;t;g;g;t;a;c;a;g;c;a;g;c;a;c;t;t;c;t;;;;;;;;;;;;;;
Homsap IGLV5-45*01 F;c;a;g;g;c;t;g;t;g;c;t;g;a;c;t;c;a;g;c;c;g;g;c;t;t;c;c;.;.;.;c;t;c;t;c;t;g;c;a;t;c;t;c;c;t;g;g;a;g;c;a;t;c;a;g;c;c;a;g;t;c;t;c;a;c;c;t;g;c;a;c;c;t;t;g;c;g;c;a;g;t;g;g;c;a;t;c;a;a;t;g;t;t;.;.;.;.;.;.;.;.;.;g;g;t;a;c;c;t;a;c;a;g;g;a;t;a;t;a;c;t;g;g;t;a;c;c;a;g;c;a;g;a;a;g;c;c;a;g;g;g;a;g;t;c;c;t;c;c;c;c;a;g;t;a;t;c;t;c;c;t;g;a;g;g;t;a;c;a;a;a;t;c;a;g;a;c;.;.;.;.;.;.;.;.;.;t;c;a;g;a;t;a;a;g;c;a;g;c;a;g;g;g;c;t;c;t;g;g;a;g;t;c;c;c;c;.;.;.;a;g;c;c;g;c;t;t;c;t;c;t;g;g;a;t;c;c;a;a;a;g;a;t;g;c;t;t;c;g;g;c;c;a;a;t;g;c;a;g;g;g;a;t;t;t;t;a;c;t;c;a;t;c;t;c;t;g;g;g;c;t;c;c;a;g;t;c;t;g;a;g;g;a;t;g;a;g;g;c;t;g;a;c;t;a;t;t;a;c;t;g;t;a;t;g;a;t;t;t;g;g;c;a;c;a;g;c;a;g;c;g;c;t;t;c;t;;;;;;;;;;;;;;
Homsap IGLV5-45*02 F;c;a;g;g;c;t;g;t;g;c;t;g;a;c;t;c;a;g;c;c;g;t;c;t;t;c;c;.;.;.;c;t;c;t;c;t;g;c;a;t;c;t;c;c;t;g;g;a;g;c;a;t;c;a;g;c;c;a;g;t;c;t;c;a;c;c;t;g;c;a;c;c;t;t;a;c;g;c;a;g;t;g;g;c;a;t;c;a;a;t;g;t;t;.;.;.;.;.;.;.;.;.;g;g;t;a;c;c;t;a;c;a;g;g;a;t;a;t;a;c;t;g;g;t;a;c;c;a;g;c;a;g;a;a;g;c;c;a;g;g;g;a;g;t;c;c;t;c;c;c;c;a;g;t;a;t;c;t;c;c;t;g;a;g;g;t;a;c;a;a;a;t;c;a;g;a;c;.;.;.;.;.;.;.;.;.;t;c;a;g;a;t;a;a;g;c;a;g;c;a;g;g;g;c;t;c;t;g;g;a;g;t;c;c;c;c;.;.;.;a;g;c;c;g;c;t;t;c;t;c;t;g;g;a;t;c;c;a;a;a;g;a;t;g;c;t;t;c;g;g;c;c;a;a;t;g;c;a;g;g;g;a;t;t;t;t;a;c;t;c;a;t;c;t;c;t;g;g;g;c;t;c;c;a;g;t;c;t;g;a;g;g;a;t;g;a;g;g;c;t;g;a;c;t;a;t;t;a;c;t;g;t;a;t;g;a;t;t;t;g;g;c;a;c;a;g;c;a;g;c;g;c;t;t;c;t;;;;;;;;;;;;;;
Homsap IGLV5-45*03 F;c;a;g;g;c;t;g;t;g;c;t;g;a;c;t;c;a;g;c;c;g;t;c;t;t;c;c;.;.;.;c;t;c;t;c;t;g;c;a;t;c;t;c;c;t;g;g;a;g;c;a;t;c;a;g;c;c;a;g;t;c;t;c;a;c;c;t;g;c;a;c;c;t;t;g;c;g;c;a;g;t;g;g;c;a;t;c;a;a;t;g;t;t;.;.;.;.;.;.;.;.;.;g;g;t;a;c;c;t;a;c;a;g;g;a;t;a;t;a;c;t;g;g;t;a;c;c;a;g;c;a;g;a;a;g;c;c;a;g;g;g;a;g;t;c;c;t;c;c;c;c;a;g;t;a;t;c;t;c;c;t;g;a;g;g;t;a;c;a;a;a;t;c;a;g;a;c;.;.;.;.;.;.;.;.;.;t;c;a;g;a;t;a;a;g;c;a;g;c;a;g;g;g;c;t;c;t;g;g;a;g;t;c;c;c;c;.;.;.;a;g;c;c;g;c;t;t;c;t;c;t;g;g;a;t;c;c;a;a;a;g;a;t;g;c;t;t;c;g;g;c;c;a;a;t;g;c;a;g;g;g;a;t;t;t;t;a;c;t;c;a;t;c;t;c;t;g;g;g;c;t;c;c;a;g;t;c;t;g;a;g;g;a;t;g;a;g;g;c;t;g;a;c;t;a;t;t;a;c;t;g;t;a;t;g;a;t;t;t;g;g;c;a;c;a;g;c;a;g;c;g;c;t;t;c;t;;;;;;;;;;;;;;
Homsap IGLV5-45*04 F;c;a;g;g;c;t;g;t;g;c;t;g;a;c;t;c;a;g;c;c;g;t;c;t;t;c;c;.;.;.;c;t;c;t;c;t;g;c;a;t;c;t;c;c;t;g;g;a;g;c;a;t;c;a;g;c;c;a;g;t;c;t;c;a;c;c;t;g;c;a;c;c;t;t;g;t;g;c;a;g;t;g;g;c;a;t;c;a;a;t;g;t;t;.;.;.;.;.;.;.;.;.;g;g;t;a;c;c;t;a;c;a;g;g;a;t;a;t;a;c;t;g;g;t;a;c;c;a;g;c;a;g;a;a;g;c;c;a;g;g;g;a;g;t;c;c;t;c;c;c;c;a;g;t;a;t;c;t;c;c;t;g;a;g;g;t;a;c;a;a;a;t;c;a;g;a;c;.;.;.;.;.;.;.;.;.;t;c;a;g;a;t;a;a;g;c;a;g;c;a;g;g;g;c;t;c;t;g;g;a;g;t;c;c;c;c;.;.;.;a;g;c;c;g;c;t;t;c;t;c;t;g;g;a;t;c;c;a;a;a;g;a;t;g;c;t;t;c;g;g;c;c;a;a;t;g;c;a;g;g;g;a;t;t;t;t;a;c;t;c;a;t;c;t;c;t;g;g;g;c;t;c;c;a;g;t;c;t;g;a;g;g;a;t;g;a;g;g;c;t;g;a;c;t;a;t;t;a;c;t;g;t;a;t;g;a;t;t;t;g;g;c;a;c;a;g;c;a;g;c;g;c;t;t;c;t;;;;;;;;;;;;;;
Homsap IGLV5-48*01 ORF;c;a;g;c;c;t;g;t;g;c;t;g;a;c;t;c;a;g;c;c;a;a;c;t;t;c;c;.;.;.;c;t;c;t;c;a;g;c;a;t;c;t;c;c;t;g;g;a;g;c;a;t;c;a;g;c;c;a;g;a;c;t;c;a;c;c;t;g;c;a;c;c;t;t;g;c;g;c;a;g;t;g;g;c;a;t;c;a;a;t;c;t;t;.;.;.;.;.;.;.;.;.;g;g;t;a;g;c;t;a;c;a;g;g;a;t;a;t;t;c;t;g;g;t;a;c;c;a;g;c;a;g;a;a;g;c;c;a;g;a;g;a;g;c;c;c;t;c;c;c;c;g;g;t;a;t;c;t;c;c;t;g;a;g;c;t;a;c;t;a;c;t;c;a;g;a;c;.;.;.;.;.;.;.;.;.;t;c;a;a;g;t;a;a;g;c;a;t;c;a;g;g;g;c;t;c;t;g;g;a;g;t;c;c;c;c;.;.;.;a;g;c;c;g;c;t;t;c;t;c;t;g;g;a;t;c;c;a;a;a;g;a;t;g;c;t;t;c;g;a;g;c;a;a;t;g;c;a;g;g;g;a;t;t;t;t;a;g;t;c;a;t;c;t;c;t;g;g;g;c;t;c;c;a;g;t;c;t;g;a;g;g;a;t;g;a;g;g;c;t;g;a;c;t;a;t;t;a;c;t;g;t;a;t;g;a;t;t;t;g;g;c;a;c;a;g;c;a;g;t;g;c;t;t;c;t;;;;;;;;;;;;;;
Homsap IGLV5-48*02 P;c;a;g;g;c;t;g;t;g;c;t;g;a;c;t;c;a;g;c;c;a;a;c;t;t;c;c;.;.;.;c;t;c;t;c;a;g;c;a;t;c;t;c;c;t;g;g;a;g;c;a;t;c;a;g;c;c;a;g;a;c;t;c;a;c;c;t;g;c;a;c;c;t;t;g;c;g;c;a;g;t;g;g;c;a;t;c;a;g;t;g;t;t;.;.;.;.;.;.;.;.;.;g;g;t;a;g;c;t;a;c;a;g;g;a;t;a;t;a;c;t;g;g;t;a;c;c;a;g;c;a;g;a;a;g;c;c;a;g;g;g;a;g;t;c;c;t;c;c;c;a;g;g;t;a;t;c;t;c;c;t;g;a;a;c;t;a;c;t;a;c;t;c;a;g;a;c;.;.;.;.;.;.;.;.;.;t;c;a;g;a;t;a;a;g;c;a;c;c;a;g;g;g;c;t;c;t;g;g;a;g;t;c;c;c;c;.;.;.;a;g;c;c;g;c;t;t;c;t;c;t;g;g;a;t;c;c;a;a;a;g;a;t;g;c;t;t;c;g;a;c;c;a;a;t;g;c;a;g;g;g;a;t;t;t;t;a;t;t;c;a;t;c;t;c;t;g;g;g;c;t;c;t;a;g;t;c;t;g;a;g;g;a;t;g;a;g;g;c;t;g;a;c;t;a;t;t;a;c;t;g;t;a;t;g;a;t;t;t;g;g;c;a;c;a;g;c;a;g;t;g;c;t;t;c;t;;;;;;;;;;;;;;
Homsap IGLV5-52*01 F;c;a;g;c;c;t;g;t;g;c;t;g;a;c;t;c;a;g;c;c;a;t;c;t;t;c;c;.;.;.;c;a;t;t;c;t;g;c;a;t;c;t;t;c;t;g;g;a;g;c;a;t;c;a;g;t;c;a;g;a;c;t;c;a;c;c;t;g;c;a;t;g;c;t;g;a;g;c;a;g;t;g;g;c;t;t;c;a;g;t;g;t;t;.;.;.;.;.;.;.;.;.;g;g;g;g;a;c;t;t;c;t;g;g;a;t;a;a;g;g;t;g;g;t;a;c;c;a;a;c;a;a;a;a;g;c;c;a;g;g;g;a;a;c;c;c;t;c;c;c;c;g;g;t;a;t;c;t;c;c;t;g;t;a;c;t;a;c;c;a;c;t;c;a;g;a;c;.;.;.;.;.;.;.;.;.;t;c;c;a;a;t;a;a;g;g;g;c;c;a;a;g;g;c;t;c;t;g;g;a;g;t;t;c;c;c;.;.;.;a;g;c;c;g;c;t;t;c;t;c;t;g;g;a;t;c;c;a;a;c;g;a;t;g;c;a;t;c;a;g;c;c;a;a;t;g;c;a;g;g;g;a;t;t;c;t;g;c;g;t;a;t;c;t;c;t;g;g;g;c;t;c;c;a;g;c;c;t;g;a;g;g;a;t;g;a;g;g;c;t;g;a;c;t;a;t;t;a;c;t;g;t;g;g;t;a;c;a;t;g;g;c;a;c;a;g;c;a;a;c;t;c;t;a;a;g;a;c;t;c;a;;;;;;;;;
Homsap IGLV6-57*01 F;a;a;t;t;t;t;a;t;g;c;t;g;a;c;t;c;a;g;c;c;c;c;a;c;t;c;t;.;.;.;g;t;g;t;c;g;g;a;g;t;c;t;c;c;g;g;g;g;a;a;g;a;c;g;g;t;a;a;c;c;a;t;c;t;c;c;t;g;c;a;c;c;c;g;c;a;g;c;a;g;t;g;g;c;a;g;c;a;t;t;.;.;.;.;.;.;.;.;.;.;.;.;g;c;c;a;g;c;a;a;c;t;a;t;g;t;g;c;a;g;t;g;g;t;a;c;c;a;g;c;a;g;c;g;c;c;c;g;g;g;c;a;g;t;t;c;c;c;c;c;a;c;c;a;c;t;g;t;g;a;t;c;t;a;t;g;a;g;g;a;t;.;.;.;.;.;.;.;.;.;.;.;.;.;.;.;.;.;.;.;.;.;a;a;c;c;a;a;a;g;a;c;c;c;t;c;t;g;g;g;g;t;c;c;c;t;.;.;.;g;a;t;c;g;g;t;t;c;t;c;t;g;g;c;t;c;c;a;t;c;g;a;c;a;g;c;t;c;c;t;c;c;a;a;c;t;c;t;g;c;c;t;c;c;c;t;c;a;c;c;a;t;c;t;c;t;g;g;a;c;t;g;a;a;g;a;c;t;g;a;g;g;a;c;g;a;g;g;c;t;g;a;c;t;a;c;t;a;c;t;g;t;c;a;g;t;c;t;t;a;t;g;a;t;a;g;c;a;g;c;a;a;t;c;a;;;;;;;;;;;;;;;
Homsap IGLV6-57*02 F;a;a;t;t;t;t;a;t;g;c;t;g;a;c;t;c;a;g;c;c;c;c;a;c;t;c;t;.;.;.;g;t;g;t;c;g;g;a;g;t;c;t;c;c;g;g;g;g;a;a;g;a;c;g;g;t;a;a;c;c;a;t;c;t;c;c;t;g;c;a;c;c;g;g;c;a;g;c;a;g;t;g;g;c;a;g;c;a;t;t;.;.;.;.;.;.;.;.;.;.;.;.;g;c;c;a;g;c;a;a;c;t;a;t;g;t;g;c;a;g;t;g;g;t;a;c;c;a;g;c;a;g;c;g;c;c;c;g;g;g;c;a;g;t;g;c;c;c;c;c;a;c;c;a;c;t;g;t;g;a;t;c;t;a;t;g;a;g;g;a;t;.;.;.;.;.;.;.;.;.;.;.;.;.;.;.;.;.;.;.;.;.;a;a;c;c;a;a;a;g;a;c;c;c;t;c;t;g;g;g;g;t;c;c;c;t;.;.;.;g;a;t;c;g;g;t;t;c;t;c;t;g;g;c;t;c;c;a;t;c;g;a;c;a;g;c;t;c;c;t;c;c;a;a;c;t;c;t;g;c;c;t;c;c;c;t;c;a;c;c;a;t;c;t;c;t;g;g;a;c;t;g;a;a;g;a;c;t;g;a;g;g;a;c;g;a;g;g;c;t;g;a;c;t;a;c;t;a;c;t;g;t;c;a;g;t;c;t;t;a;t;g;a;t;a;g;c;a;g;c;a;a;t;c;a;;;;;;;;;;;;;;;
Homsap IGLV7-43*01 F;c;a;g;a;c;t;g;t;g;g;t;g;a;c;t;c;a;g;g;a;g;c;c;c;t;c;a;.;.;.;c;t;g;a;c;t;g;t;g;t;c;c;c;c;a;g;g;a;g;g;g;a;c;a;g;t;c;a;c;t;c;t;c;a;c;c;t;g;t;g;c;t;t;c;c;a;g;c;a;c;t;g;g;a;g;c;a;g;t;c;a;c;c;.;.;.;.;.;.;.;.;.;a;g;t;g;g;t;t;a;c;t;a;t;c;c;a;a;a;c;t;g;g;t;t;c;c;a;g;c;a;g;a;a;a;c;c;t;g;g;a;c;a;a;g;c;a;c;c;c;a;g;g;g;c;a;c;t;g;a;t;t;t;a;t;a;g;t;a;c;a;.;.;.;.;.;.;.;.;.;.;.;.;.;.;.;.;.;.;.;.;.;a;g;c;a;a;c;a;a;a;c;a;c;t;c;c;t;g;g;a;c;c;c;c;t;.;.;.;g;c;c;c;g;g;t;t;c;t;c;a;g;g;c;t;c;c;c;t;c;.;.;.;.;.;.;c;t;t;g;g;g;g;g;c;a;a;a;g;c;t;g;c;c;c;t;g;a;c;a;c;t;g;t;c;a;g;g;t;g;t;g;c;a;g;c;c;t;g;a;g;g;a;c;g;a;g;g;c;t;g;a;g;t;a;t;t;a;c;t;g;c;c;t;g;c;t;c;t;a;c;t;a;t;g;g;t;g;g;t;g;c;t;c;a;g;;;;;;;;;;;;;;
Homsap IGLV7-46*01 F;c;a;g;g;c;t;g;t;g;g;t;g;a;c;t;c;a;g;g;a;g;c;c;c;t;c;a;.;.;.;c;t;g;a;c;t;g;t;g;t;c;c;c;c;a;g;g;a;g;g;g;a;c;a;g;t;c;a;c;t;c;t;c;a;c;c;t;g;t;g;g;c;t;c;c;a;g;c;a;c;t;g;g;a;g;c;t;g;t;c;a;c;c;.;.;.;.;.;.;.;.;.;a;g;t;g;g;t;c;a;t;t;a;t;c;c;c;t;a;c;t;g;g;t;t;c;c;a;g;c;a;g;a;a;g;c;c;t;g;g;c;c;a;a;g;c;c;c;c;c;a;g;g;a;c;a;c;t;g;a;t;t;t;a;t;g;a;t;a;c;a;.;.;.;.;.;.;.;.;.;.;.;.;.;.;.;.;.;.;.;.;.;a;g;c;a;a;c;a;a;a;c;a;c;t;c;c;t;g;g;a;c;a;c;c;t;.;.;.;g;c;c;c;g;g;t;t;c;t;c;a;g;g;c;t;c;c;c;t;c;.;.;.;.;.;.;c;t;t;g;g;g;g;g;c;a;a;a;g;c;t;g;c;c;c;t;g;a;c;c;c;t;t;t;c;g;g;g;t;g;c;g;c;a;g;c;c;t;g;a;g;g;a;t;g;a;g;g;c;t;g;a;g;t;a;t;t;a;c;t;g;c;t;t;g;c;t;c;t;c;c;t;a;t;a;g;t;g;g;t;g;c;t;c;g;g;;;;;;;;;;;;;;
Homsap IGLV7-46*02 F;c;a;g;g;c;t;g;t;g;g;t;g;a;c;t;c;a;g;g;a;g;c;c;c;t;c;a;.;.;.;c;t;g;a;c;t;g;t;g;t;c;c;c;c;a;g;g;a;g;g;g;a;c;a;g;t;c;a;c;t;c;t;c;a;c;c;t;g;t;g;g;c;t;c;c;a;g;c;a;c;t;g;g;a;g;c;t;g;t;c;a;c;c;.;.;.;.;.;.;.;.;.;a;g;t;g;g;t;c;a;t;t;a;t;c;c;c;t;a;c;t;g;g;t;t;c;c;a;g;c;a;g;a;a;g;c;c;t;g;g;c;c;a;a;g;c;c;c;c;c;a;g;g;a;c;a;c;t;g;a;t;t;t;a;t;g;a;t;a;c;a;.;.;.;.;.;.;.;.;.;.;.;.;.;.;.;.;.;.;.;.;.;a;g;c;a;a;c;a;a;a;c;a;c;t;c;c;t;g;g;a;c;a;c;c;t;.;.;.;g;c;c;c;g;g;t;t;c;t;c;a;g;g;c;t;c;c;c;t;c;.;.;.;.;.;.;c;t;t;g;g;g;g;g;c;a;a;a;g;c;t;g;c;c;c;t;g;a;c;c;c;t;t;t;t;g;g;g;t;g;c;g;c;a;g;c;c;t;g;a;g;g;a;t;g;a;g;g;c;t;g;a;g;t;a;t;t;a;c;t;g;c;t;t;g;c;t;c;t;c;c;t;a;t;a;g;t;g;g;t;g;c;t;c;g;g;;;;;;;;;;;;;;
Homsap IGLV8-61*01 F;c;a;g;a;c;t;g;t;g;g;t;g;a;c;c;c;a;g;g;a;g;c;c;a;t;c;g;.;.;.;t;t;c;t;c;a;g;t;g;t;c;c;c;c;t;g;g;a;g;g;g;a;c;a;g;t;c;a;c;a;c;t;c;a;c;t;t;g;t;g;g;c;t;t;g;a;g;c;t;c;t;g;g;c;t;c;a;g;t;c;t;c;t;.;.;.;.;.;.;.;.;.;a;c;t;a;g;t;t;a;c;t;a;c;c;c;c;a;g;c;t;g;g;t;a;c;c;a;g;c;a;g;a;c;c;c;c;a;g;g;c;c;a;g;g;c;t;c;c;a;c;g;c;a;c;g;c;t;c;a;t;c;t;a;c;a;g;c;a;c;a;.;.;.;.;.;.;.;.;.;.;.;.;.;.;.;.;.;.;.;.;.;a;a;c;a;c;t;c;g;c;t;c;t;t;c;t;g;g;g;g;t;c;c;c;t;.;.;.;g;a;t;c;g;c;t;t;c;t;c;t;g;g;c;t;c;c;a;t;c;.;.;.;.;.;.;c;t;t;g;g;g;a;a;c;a;a;a;g;c;t;g;c;c;c;t;c;a;c;c;a;t;c;a;c;g;g;g;g;g;c;c;c;a;g;g;c;a;g;a;t;g;a;t;g;a;a;t;c;t;g;a;t;t;a;t;t;a;c;t;g;t;g;t;g;c;t;g;t;a;t;a;t;g;g;g;t;a;g;t;g;g;c;a;t;t;t;c;;;;;;;;;;;;
Homsap IGLV8-61*02 F;c;a;g;a;c;t;g;t;g;g;t;g;a;c;c;c;a;g;g;a;g;c;c;a;t;c;g;.;.;.;t;t;c;t;c;a;g;t;g;t;c;c;c;c;t;g;g;a;g;g;g;a;c;a;g;t;c;a;c;a;c;t;c;a;c;t;t;g;t;g;g;c;t;t;g;a;g;c;t;c;t;g;g;c;t;c;a;g;t;c;t;c;t;.;.;.;.;.;.;.;.;.;a;c;t;a;g;t;t;a;c;t;a;c;c;c;c;a;g;c;t;g;g;t;a;c;c;a;g;c;a;g;a;c;c;c;c;a;g;g;c;c;a;g;g;c;t;c;c;a;c;g;c;a;c;g;c;t;c;a;t;c;t;a;c;a;g;c;a;c;a;.;.;.;.;.;.;.;.;.;.;.;.;.;.;.;.;.;.;.;.;.;a;a;c;a;c;t;c;g;c;t;c;t;t;c;t;g;g;g;g;t;c;c;c;t;.;.;.;g;a;t;t;g;c;t;t;c;t;c;t;g;g;c;t;c;c;a;t;c;.;.;.;.;.;.;c;t;t;g;g;g;a;a;c;a;a;a;g;c;t;g;c;c;c;t;c;a;c;c;a;t;c;a;c;g;g;g;g;g;c;c;c;a;g;g;c;a;g;a;t;g;a;t;g;a;a;t;c;t;g;a;t;t;a;t;t;a;c;t;g;t;g;t;g;c;t;g;t;a;t;a;t;g;g;g;t;a;g;t;g;g;c;a;t;t;t;c;;;;;;;;;;;;
Homsap IGLV8-61*03 F;.;.;.;.;.;.;.;.;g;g;t;g;a;c;c;c;a;g;g;a;g;c;c;a;t;c;g;.;.;.;t;t;c;t;c;a;g;t;g;t;c;c;c;c;t;g;g;a;g;g;g;a;c;a;g;t;c;a;c;a;c;t;c;a;c;t;t;g;t;g;g;c;t;t;g;a;g;c;t;c;t;g;g;c;t;c;a;g;t;c;t;c;t;.;.;.;.;.;.;.;.;.;a;c;t;a;g;t;t;a;c;t;a;c;c;c;c;a;g;c;t;g;g;t;a;c;c;a;g;c;a;g;a;c;c;c;c;a;g;g;c;c;a;g;g;c;t;c;c;a;c;g;c;a;c;g;c;t;c;a;t;c;t;a;c;a;g;c;a;c;a;.;.;.;.;.;.;.;.;.;.;.;.;.;.;.;.;.;.;.;.;.;a;a;c;a;c;t;c;g;c;t;c;t;t;c;t;g;g;c;g;t;c;c;c;t;.;.;.;g;a;t;c;g;c;t;t;c;t;c;t;g;g;c;t;c;c;a;t;c;.;.;.;.;.;.;c;t;t;g;g;g;a;a;c;a;a;a;g;c;t;g;c;c;c;t;c;a;c;c;a;t;c;a;c;g;g;g;g;g;c;c;c;a;g;g;c;a;g;a;t;g;a;t;g;a;a;;;;;;;;;;;;;;;;;;;;;;;;;;;;;;;;;;;;;;;;;;;;;;;;;;;;;
Homsap IGLV8-61*01 F;c;a;g;t;c;t;g;t;g;g;t;g;a;c;c;c;a;g;g;a;g;c;c;a;t;c;a;.;.;.;c;t;c;t;c;a;g;g;g;t;c;t;c;c;t;g;g;a;g;g;g;a;c;g;g;t;c;a;c;a;c;t;c;a;c;c;t;g;t;g;c;c;c;t;g;a;g;c;t;c;t;g;g;c;t;c;a;g;t;c;t;c;t;.;.;.;.;.;.;.;.;.;a;c;c;a;g;t;c;a;c;t;a;c;c;c;c;a;g;g;t;g;g;t;a;c;c;a;g;c;a;g;a;c;c;c;c;a;g;g;c;c;a;g;g;c;t;c;c;a;c;a;c;a;t;g;c;t;c;a;t;c;t;g;c;a;g;c;c;c;a;.;.;.;.;.;.;.;.;.;.;.;.;.;.;.;.;.;.;.;.;.;a;a;c;a;c;c;t;g;c;c;c;t;t;c;t;g;g;g;g;t;c;c;c;t;.;.;.;g;g;t;c;g;c;t;t;c;t;c;t;g;g;c;t;c;c;a;t;c;.;.;.;.;.;.;c;t;t;g;g;g;a;a;c;a;a;a;g;c;t;g;c;c;c;t;c;a;c;c;a;t;c;a;c;g;g;g;g;a;c;t;c;a;g;g;t;a;g;a;t;g;a;t;g;a;c;t;c;t;g;a;t;c;a;t;t;a;c;t;g;t;g;t;g;c;t;g;t;a;c;a;t;g;g;g;t;a;g;t;g;g;c;a;;;;;;;;;;;;;;;;
Homsap IGLV9-49*01 F;c;a;g;c;c;t;g;t;g;c;t;g;a;c;t;c;a;g;c;c;a;c;c;t;t;c;t;.;.;.;g;c;a;t;c;a;g;c;c;t;c;c;c;t;g;g;g;a;g;c;c;t;c;g;g;t;c;a;c;a;c;t;c;a;c;c;t;g;c;a;c;c;c;t;g;a;g;c;a;g;c;g;g;c;t;a;c;a;g;t;.;.;.;.;.;.;.;.;.;.;.;.;.;.;.;a;a;t;t;a;t;a;a;a;g;t;g;g;a;c;t;g;g;t;a;c;c;a;g;c;a;g;a;g;a;c;c;a;g;g;g;a;a;g;g;g;c;c;c;c;c;g;g;t;t;t;g;t;g;a;t;g;c;g;a;g;t;g;g;g;c;a;c;t;g;g;t;.;.;.;.;.;.;g;g;g;a;t;t;g;t;g;g;g;a;t;c;c;a;a;g;g;g;g;g;a;t;g;g;c;a;t;c;c;c;t;.;.;.;g;a;t;c;g;c;t;t;c;t;c;a;g;t;c;t;t;g;g;g;c;.;.;.;.;.;.;t;c;a;g;g;c;c;t;g;a;a;t;c;g;g;t;a;c;c;t;g;a;c;c;a;t;c;a;a;g;a;a;c;a;t;c;c;a;g;g;a;a;g;a;g;g;a;t;g;a;g;a;g;t;g;a;c;t;a;c;c;a;c;t;g;t;g;g;g;g;c;a;g;a;c;c;a;t;g;g;c;a;g;t;g;g;g;a;g;c;a;a;c;t;t;c;g;t;g;t;a;a;c;c
Homsap IGLV9-49*02 F;c;a;g;c;c;t;g;t;g;c;t;g;a;c;t;c;a;g;c;c;a;c;c;t;t;c;t;.;.;.;g;c;a;t;c;a;g;c;c;t;c;c;c;t;g;g;g;a;g;c;c;t;c;g;g;t;c;a;c;a;c;t;c;a;c;c;t;g;c;a;c;c;c;t;g;a;g;c;a;g;c;g;g;c;t;a;c;a;g;t;.;.;.;.;.;.;.;.;.;.;.;.;.;.;.;a;a;t;t;a;t;a;a;a;g;t;g;g;a;c;t;g;g;t;a;c;c;a;g;c;a;g;a;g;a;c;c;a;g;g;g;a;a;g;g;g;c;c;c;c;c;g;g;t;t;t;g;t;g;a;t;g;c;g;a;g;t;g;g;g;c;a;c;t;g;g;t;.;.;.;.;.;.;g;g;g;a;t;t;g;t;g;g;g;a;t;c;c;a;a;g;g;g;g;g;a;t;g;g;c;a;t;c;c;c;t;.;.;.;g;a;t;c;g;c;t;t;c;t;c;a;g;t;c;t;t;g;g;g;c;.;.;.;.;.;.;t;c;a;g;g;c;c;t;g;a;a;t;c;g;g;t;a;c;c;t;g;a;c;c;a;t;c;a;a;g;a;a;c;a;t;c;c;a;g;g;a;a;g;a;a;g;a;t;g;a;g;a;g;t;g;a;c;t;a;c;c;a;c;t;g;t;g;g;g;g;c;a;g;a;c;c;a;t;g;g;c;a;g;t;g;g;g;a;g;c;a;a;c;t;t;c;g;t;g;t;a;a;c;c
Homsap IGLV9-49*03 F;c;a;g;c;c;t;g;t;g;c;t;g;a;c;t;c;a;g;c;c;a;c;c;t;t;c;t;.;.;.;g;c;a;t;c;a;g;c;c;t;c;c;c;t;g;g;g;a;g;c;c;t;c;g;g;t;c;a;c;a;c;t;c;a;c;c;t;g;c;a;c;c;c;t;g;a;g;c;a;g;c;g;g;c;t;a;c;a;g;t;.;.;.;.;.;.;.;.;.;.;.;.;.;.;.;a;a;t;t;a;t;a;a;a;g;t;g;g;a;c;t;g;g;t;a;c;c;a;g;c;a;g;a;g;a;c;c;a;g;g;g;a;a;g;g;g;c;c;c;c;c;g;a;t;t;t;g;t;g;a;t;g;c;g;a;g;t;g;g;g;c;a;c;t;g;g;t;.;.;.;.;.;.;g;g;g;a;t;t;g;t;g;g;g;a;t;c;c;a;a;g;g;g;g;g;a;t;g;g;c;a;t;c;c;c;t;.;.;.;g;a;t;c;g;c;t;t;c;t;c;a;g;t;c;t;t;g;g;g;c;.;.;.;.;.;.;t;c;a;g;g;c;c;t;g;a;a;t;c;g;g;t;a;c;c;t;g;a;c;c;a;t;c;a;a;g;a;a;c;a;t;c;c;a;g;g;a;a;g;a;g;g;a;t;g;a;g;a;g;t;g;a;c;t;a;c;c;a;c;t;g;t;g;g;g;g;c;a;g;a;c;c;a;t;g;g;c;a;g;t;g;g;g;a;g;c;a;a;c;t;t;c;g;t;g;t;a;a;c;c
