V-GENE and allele;1;2;3;4;5;6;7;8;9;10;11;12;13;14;15;16;17;18;19;20;21;22;23;24;25;26;27;28;29;30;31;32;33;34;35;36;37;38;39;40;41;42;43;44;45;46;47;48;49;50;51;52;53;54;55;56;57;58;59;60;61;62;63;64;65;66;67;68;69;70;71;72;73;74;75;76;77;78;79;80;81;82;83;84;85;86;87;88;89;90;91;92;93;94;95;96;97;98;99;100;101;102;103;104;105;106;107;108;109;110;111
Homsap IGKV1-12*01 F, or Homsap IGKV1-12*02 F or Homsap IGKV1D-12*02 F;D;I;Q;M;T;Q;S;P;S;S;V;S;A;S;V;G;D;R;V;T;I;T;C;R;A;S;Q;G;I;.;.;.;.;.;.;S;S;W;L;A;W;Y;Q;Q;K;P;G;K;A;P;K;L;L;I;Y;A;A;.;.;.;.;.;.;.;S;S;L;Q;S;G;V;P;.;S;R;F;S;G;S;G;.;.;S;G;T;D;F;T;L;T;I;S;S;L;Q;P;E;D;F;A;T;Y;Y;C;Q;Q;A;N;S;F;P
Homsap IGKV1-12*01 F, or Homsap IGKV1-12*02 F or Homsap IGKV1D-12*02 F;D;I;Q;M;T;Q;S;P;S;S;V;S;A;S;V;G;D;R;V;T;I;T;C;R;A;S;Q;G;I;.;.;.;.;.;.;S;S;W;L;A;W;Y;Q;Q;K;P;G;K;A;P;K;L;L;I;Y;A;A;.;.;.;.;.;.;.;S;S;L;Q;S;G;V;P;.;S;R;F;S;G;S;G;.;.;S;G;T;D;F;T;L;T;I;S;S;L;Q;P;E;D;F;A;T;Y;Y;C;Q;Q;A;N;S;F;P
Homsap IGKV1-13*01 P;A;I;Q;L;T;Q;S;P;S;S;L;S;A;S;V;G;D;R;V;T;I;T;C;R;A;S;Q;G;I;.;.;.;.;.;.;S;S;A;L;A;*;Y;Q;Q;K;P;G;K;A;P;K;L;L;I;Y;D;A;.;.;.;.;.;.;.;S;S;L;E;S;G;V;P;.;S;R;F;S;G;S;G;.;.;S;G;T;D;F;T;L;T;I;S;S;L;Q;P;E;D;F;A;T;Y;Y;C;Q;Q;F;N;N;Y;P
Homsap IGKV1-13*02 F, or Homsap IGKV1D-13*02 F;A;I;Q;L;T;Q;S;P;S;S;L;S;A;S;V;G;D;R;V;T;I;T;C;R;A;S;Q;G;I;.;.;.;.;.;.;S;S;A;L;A;W;Y;Q;Q;K;P;G;K;A;P;K;L;L;I;Y;D;A;.;.;.;.;.;.;.;S;S;L;E;S;G;V;P;.;S;R;F;S;G;S;G;.;.;S;G;T;D;F;T;L;T;I;S;S;L;Q;P;E;D;F;A;T;Y;Y;C;Q;Q;F;N;S;Y;P
Homsap IGKV1-16*01 F;D;I;Q;M;T;Q;S;P;S;S;L;S;A;S;V;G;D;R;V;T;I;T;C;R;A;S;Q;G;I;.;.;.;.;.;.;S;N;Y;L;A;W;F;Q;Q;K;P;G;K;A;P;K;S;L;I;Y;A;A;.;.;.;.;.;.;.;S;S;L;Q;S;G;V;P;.;S;R;F;S;G;S;G;.;.;S;G;T;D;F;T;L;T;I;S;S;L;Q;P;E;D;F;A;T;Y;Y;C;Q;Q;Y;N;S;Y;P
Homsap IGKV1-16*02 [F];D;I;Q;M;T;Q;S;P;S;S;L;S;A;S;V;G;D;R;V;T;I;T;C;R;A;S;Q;G;I;.;.;.;.;.;.;S;N;Y;L;A;W;F;Q;Q;K;P;G;K;A;P;K;S;L;I;Y;A;A;.;.;.;.;.;.;.;S;S;L;Q;S;G;V;P;.;S;K;F;S;G;S;G;.;.;S;G;T;D;F;T;L;T;I;S;S;L;Q;P;E;D;F;A;T;Y;Y;C;Q;Q;Y;N;S;Y;P
Homsap IGKV1-17*01 F;D;I;Q;M;T;Q;S;P;S;S;L;S;A;S;V;G;D;R;V;T;I;T;C;R;A;S;Q;G;I;.;.;.;.;.;.;R;N;D;L;G;W;Y;Q;Q;K;P;G;K;A;P;K;R;L;I;Y;A;A;.;.;.;.;.;.;.;S;S;L;Q;S;G;V;P;.;S;R;F;S;G;S;G;.;.;S;G;T;E;F;T;L;T;I;S;S;L;Q;P;E;D;F;A;T;Y;Y;C;L;Q;H;N;S;Y;P
Homsap IGKV1-17*02 F;D;I;Q;M;T;Q;S;P;S;S;L;S;A;S;V;G;D;R;V;T;I;T;C;R;A;S;Q;G;I;.;.;.;.;.;.;R;N;D;L;G;W;Y;Q;Q;K;P;G;K;A;P;K;R;L;I;Y;A;A;.;.;.;.;.;.;.;S;S;L;Q;S;G;V;P;.;S;R;F;S;G;S;G;.;.;S;G;T;E;F;T;L;T;I;S;N;L;Q;P;E;D;F;A;T;Y;Y;C;L;Q;H;N;S;Y;P
Homsap IGKV1-17*03 F;D;I;Q;M;T;Q;S;P;S;A;M;S;A;S;V;G;D;R;V;T;I;T;C;R;A;S;Q;G;I;.;.;.;.;.;.;S;N;Y;L;A;W;F;Q;Q;K;P;G;K;V;P;K;R;L;I;Y;A;A;.;.;.;.;.;.;.;S;S;L;Q;S;G;V;P;.;S;R;F;S;G;S;G;.;.;S;G;T;E;F;T;L;T;I;S;S;L;Q;P;E;D;F;A;T;Y;Y;C;L;Q;H;N;S;Y;P
Homsap IGKV1-27*01 F;D;I;Q;M;T;Q;S;P;S;S;L;S;A;S;V;G;D;R;V;T;I;T;C;R;A;S;Q;G;I;.;.;.;.;.;.;S;N;Y;L;A;W;Y;Q;Q;K;P;G;K;V;P;K;L;L;I;Y;A;A;.;.;.;.;.;.;.;S;T;L;Q;S;G;V;P;.;S;R;F;S;G;S;G;.;.;S;G;T;D;F;T;L;T;I;S;S;L;Q;P;E;D;V;A;T;Y;Y;C;Q;K;Y;N;S;A;P
Homsap IGKV1-33*01 F, or Homsap IGKV1D-33*01 F;D;I;Q;M;T;Q;S;P;S;S;L;S;A;S;V;G;D;R;V;T;I;T;C;Q;A;S;Q;D;I;.;.;.;.;.;.;S;N;Y;L;N;W;Y;Q;Q;K;P;G;K;A;P;K;L;L;I;Y;D;A;.;.;.;.;.;.;.;S;N;L;E;T;G;V;P;.;S;R;F;S;G;S;G;.;.;S;G;T;D;F;T;F;T;I;S;S;L;Q;P;E;D;I;A;T;Y;Y;C;Q;Q;Y;D;N;L;P
Homsap IGKV1-37*01 ORF, or Homsap IGKV1D-37*01 ORF;D;I;Q;L;T;Q;S;P;S;S;L;S;A;S;V;G;D;R;V;T;I;T;C;R;V;S;Q;G;I;.;.;.;.;.;.;S;S;Y;L;N;W;Y;R;Q;K;P;G;K;V;P;K;L;L;I;Y;S;A;.;.;.;.;.;.;.;S;N;L;Q;S;G;V;P;.;S;R;F;S;G;S;G;.;.;S;G;T;D;F;T;L;T;I;S;S;L;Q;P;E;D;V;A;T;Y;Y;G;Q;R;T;Y;N;A;P
Homsap IGKV1-39*01 F, or Homsap IGKV1D-39*01 F;D;I;Q;M;T;Q;S;P;S;S;L;S;A;S;V;G;D;R;V;T;I;T;C;R;A;S;Q;S;I;.;.;.;.;.;.;S;S;Y;L;N;W;Y;Q;Q;K;P;G;K;A;P;K;L;L;I;Y;A;A;.;.;.;.;.;.;.;S;S;L;Q;S;G;V;P;.;S;R;F;S;G;S;G;.;.;S;G;T;D;F;T;L;T;I;S;S;L;Q;P;E;D;F;A;T;Y;Y;C;Q;Q;S;Y;S;T;P
Homsap IGKV1-39*02 P;D;I;Q;M;T;Q;S;P;S;F;L;S;A;S;V;G;D;R;V;T;I;T;C;R;A;S;Q;S;I;.;.;.;.;.;.;S;S;Y;L;N;W;Y;Q;Q;K;P;G;K;A;P;K;L;L;I;Y;A;A;.;.;.;.;.;.;.;S;S;L;Q;S;G;V;P;.;S;R;F;S;G;S;G;.;.;S;G;T;D;F;T;L;T;I;S;S;L;Q;P;E;D;F;A;T;Y;Y;C;Q;C;G;Y;S;T;P
Homsap IGKV1-5*01 F;D;I;Q;M;T;Q;S;P;S;T;L;S;A;S;V;G;D;R;V;T;I;T;C;R;A;S;Q;S;I;.;.;.;.;.;.;S;S;W;L;A;W;Y;Q;Q;K;P;G;K;A;P;K;L;L;I;Y;D;A;.;.;.;.;.;.;.;S;S;L;E;S;G;V;P;.;S;R;F;S;G;S;G;.;.;S;G;T;E;F;T;L;T;I;S;S;L;Q;P;D;D;F;A;T;Y;Y;C;Q;Q;Y;N;S;Y;S
Homsap IGKV1-5*02 F;D;I;Q;M;T;Q;S;P;S;T;L;S;A;S;V;G;D;R;V;T;I;I;C;R;A;S;Q;S;I;.;.;.;.;.;.;S;S;W;L;A;W;Y;Q;Q;K;P;G;K;A;P;K;L;L;I;Y;D;A;.;.;.;.;.;.;.;S;S;L;E;S;G;V;P;.;S;R;F;S;G;S;G;.;.;S;G;T;E;F;T;L;T;I;S;S;L;Q;P;D;D;F;A;T;Y;Y;C;Q;Q;Y;N;S;Y;S
Homsap IGKV1-5*03 F;D;I;Q;M;T;Q;S;P;S;T;L;S;A;S;V;G;D;R;V;T;I;T;C;R;A;S;Q;S;I;.;.;.;.;.;.;S;S;W;L;A;W;Y;Q;Q;K;P;G;K;A;P;K;L;L;I;Y;K;A;.;.;.;.;.;.;.;S;S;L;E;S;G;V;P;.;S;R;F;S;G;S;G;.;.;S;G;T;E;F;T;L;T;I;S;S;L;Q;P;D;D;F;A;T;Y;Y;C;Q;Q;Y;N;S;Y;S
Homsap IGKV1-6*01 F;A;I;Q;M;T;Q;S;P;S;S;L;S;A;S;V;G;D;R;V;T;I;T;C;R;A;S;Q;G;I;.;.;.;.;.;.;R;N;D;L;G;W;Y;Q;Q;K;P;G;K;A;P;K;L;L;I;Y;A;A;.;.;.;.;.;.;.;S;S;L;Q;S;G;V;P;.;S;R;F;S;G;S;G;.;.;S;G;T;D;F;T;L;T;I;S;S;L;Q;P;E;D;F;A;T;Y;Y;C;L;Q;D;Y;N;Y;P
Homsap IGKV1-6*02 F;A;I;Q;M;T;Q;S;P;S;S;L;S;A;S;V;G;D;R;V;T;I;T;C;R;A;S;Q;G;I;.;.;.;.;.;.;R;N;D;L;G;W;Y;Q;Q;K;P;G;K;A;P;K;L;L;I;Y;A;A;.;.;.;.;.;.;.;S;S;L;Q;S;G;V;P;.;S;R;F;S;G;S;G;.;.;S;G;T;D;F;T;L;T;I;S;S;L;Q;P;E;D;F;A;T;Y;Y;C;L;Q;D;Y;N;Y;P
Homsap IGKV1-8*01 F;A;I;R;M;T;Q;S;P;S;S;F;S;A;S;T;G;D;R;V;T;I;T;C;R;A;S;Q;G;I;.;.;.;.;.;.;S;S;Y;L;A;W;Y;Q;Q;K;P;G;K;A;P;K;L;L;I;Y;A;A;.;.;.;.;.;.;.;S;T;L;Q;S;G;V;P;.;S;R;F;S;G;S;G;.;.;S;G;T;D;F;T;L;T;I;S;C;L;Q;S;E;D;F;A;T;Y;Y;C;Q;Q;Y;Y;S;Y;P
Homsap IGKV1-9*01 F;D;I;Q;L;T;Q;S;P;S;F;L;S;A;S;V;G;D;R;V;T;I;T;C;R;A;S;Q;G;I;.;.;.;.;.;.;S;S;Y;L;A;W;Y;Q;Q;K;P;G;K;A;P;K;L;L;I;Y;A;A;.;.;.;.;.;.;.;S;T;L;Q;S;G;V;P;.;S;R;F;S;G;S;G;.;.;S;G;T;E;F;T;L;T;I;S;S;L;Q;P;E;D;F;A;T;Y;Y;C;Q;Q;L;N;S;Y;P
Homsap IGKV1-NL1*01 F;D;I;Q;M;T;Q;S;P;S;S;L;S;A;S;V;G;D;R;V;T;I;T;C;R;A;S;Q;G;I;.;.;.;.;.;.;S;N;S;L;A;W;Y;Q;Q;K;P;G;K;A;P;K;L;L;L;Y;A;A;.;.;.;.;.;.;.;S;R;L;E;S;G;V;P;.;S;R;F;S;G;S;G;.;.;S;G;T;D;Y;T;L;T;I;S;S;L;Q;P;E;D;F;A;T;Y;Y;C;Q;Q;Y;Y;S;T;P
Homsap IGKV1-39*01 F, or Homsap IGKV1D-39*01 F;D;I;Q;M;T;Q;S;P;S;S;L;S;A;S;V;G;G;R;V;T;I;T;C;R;A;S;Q;G;I;.;.;.;.;.;.;S;N;N;L;N;W;Y;Q;Q;K;P;R;K;T;P;K;L;L;I;Y;A;A;.;.;.;.;.;.;.;S;S;L;Q;S;G;I;P;.;S;R;F;S;D;S;G;.;.;S;G;T;D;Y;T;L;T;I;S;S;L;Q;P;E;D;F;A;T;Y;Y;C;Q;Q;S;D;S;N;P
Homsap IGKV1-39*01 F, or Homsap IGKV1D-39*01 F;D;I;Q;M;T;Q;S;P;S;S;L;S;A;S;V;G;G;R;V;T;I;T;C;R;A;S;Q;G;I;.;.;.;.;.;.;S;N;N;L;N;W;Y;Q;Q;K;P;G;K;T;P;K;L;L;I;Y;A;A;.;.;.;.;.;.;.;S;S;L;Q;S;G;I;P;.;S;R;F;S;D;S;G;.;.;S;G;T;D;Y;T;L;T;I;S;S;L;Q;P;E;D;F;A;A;Y;Y;C;Q;Q;S;D;S;T;P
Homsap IGKV1-39*01 F, or Homsap IGKV1D-39*01 F;D;I;Q;M;T;Q;S;P;S;S;L;S;A;S;V;G;D;R;V;T;I;T;C;R;A;S;Q;G;I;.;.;.;.;.;.;S;N;N;L;N;W;Y;Q;Q;K;P;G;K;T;P;K;F;L;I;Y;A;A;.;.;.;.;.;.;.;S;S;L;Q;S;G;I;P;.;S;R;F;S;D;S;G;.;.;S;G;T;D;Y;T;L;T;I;S;S;L;Q;P;E;D;F;A;T;Y;Y;C;Q;Q;S;D;S;T;P
Homsap IGKV1-39*01 F, or Homsap IGKV1D-39*01 F;D;I;Q;M;T;Q;S;P;S;S;L;S;A;S;V;G;D;R;V;T;I;T;C;R;A;S;Q;G;I;.;.;.;.;.;.;S;N;N;L;N;W;Y;Q;Q;K;P;G;K;T;P;K;L;L;I;Y;A;A;.;.;.;.;.;.;.;S;S;L;Q;S;G;I;P;.;S;R;F;S;D;S;G;.;.;S;G;A;D;Y;T;L;T;I;R;S;L;Q;P;E;D;F;A;T;Y;Y;C;Q;Q;S;D;S;T;P
Homsap IGKV1-39*01 F, or Homsap IGKV1D-39*01 F;D;I;Q;M;T;Q;S;P;S;S;L;S;A;S;V;G;D;R;V;T;I;T;C;R;A;S;Q;G;I;.;.;.;.;.;.;S;N;N;L;N;W;Y;Q;Q;K;P;G;K;T;P;K;L;L;I;Y;A;A;.;.;.;.;.;.;.;S;S;L;Q;S;G;I;P;.;S;R;F;S;D;S;G;.;.;S;G;T;D;Y;T;L;T;I;S;S;L;Q;P;E;D;F;A;T;Y;Y;C;Q;Q;S;D;S;T;S
Homsap IGKV1-39*01 F, or Homsap IGKV1D-39*01 F;D;I;Q;M;T;Q;S;P;S;S;L;S;A;S;V;G;D;R;V;T;I;T;C;R;A;S;Q;G;I;.;.;.;.;.;.;S;N;N;L;N;W;Y;Q;Q;K;P;G;K;T;P;K;L;L;I;Y;A;A;.;.;.;.;.;.;.;P;S;L;Q;S;G;I;P;.;S;R;F;S;D;S;G;.;.;S;G;A;D;Y;T;L;T;I;R;S;L;Q;P;E;D;F;A;T;Y;*;C;Q;Q;S;D;S;T;P
Homsap IGKV1-39*01 F, or Homsap IGKV1D-39*01 F;D;I;Q;M;T;Q;S;P;S;S;L;S;A;S;V;G;D;R;V;T;I;T;C;R;A;S;Q;G;I;.;.;.;.;.;.;S;N;N;L;N;W;Y;Q;Q;K;P;G;K;T;P;K;L;L;I;Y;A;A;.;.;.;.;.;.;.;P;S;L;Q;S;G;I;P;.;S;R;F;S;D;S;G;.;.;S;G;A;D;Y;T;L;T;I;R;S;L;Q;P;E;D;F;A;T;Y;Y;C;Q;Q;S;D;S;T;P
Homsap IGKV1-39*01 F, or Homsap IGKV1D-39*01 F;D;I;Q;M;T;Q;S;P;S;S;L;S;A;S;V;G;G;R;V;T;I;T;C;R;A;S;Q;G;I;.;.;.;.;.;.;S;N;N;L;N;W;Y;Q;Q;K;P;G;K;T;P;K;L;L;I;Y;A;A;.;.;.;.;.;.;.;S;S;L;Q;S;G;I;P;.;S;R;F;S;D;S;G;.;.;S;G;A;D;Y;T;L;T;I;S;S;L;Q;P;E;D;F;A;A;Y;Y;C;Q;Q;S;D;S;T;P
Homsap IGKV1-27*01 F;D;I;Q;V;T;Q;S;P;S;S;L;S;A;S;V;G;D;R;V;T;I;T;C;R;A;S;Q;G;I;.;.;.;.;.;.;S;N;G;L;S;W;Y;Q;Q;K;P;G;Q;A;P;T;L;L;I;Y;A;A;.;.;.;.;.;.;.;S;S;L;Q;S;G;V;P;.;S;R;F;S;G;S;G;.;.;S;G;T;D;F;T;L;T;I;S;S;L;Q;P;E;D;V;A;T;Y;Y;C;L;Q;D;Y;T;T;
Homsap IGKV1-39*01 F, or Homsap IGKV1D-39*01 F;D;I;Q;M;T;Q;P;P;S;S;L;S;A;S;V;G;D;R;A;T;V;S;C;Q;A;S;Q;S;I;.;.;.;.;.;.;Y;N;Y;L;N;W;Y;Q;Q;K;P;G;K;A;P;K;F;L;T;Y;R;A;.;.;.;.;.;.;.;S;S;L;Q;R;A;M;P;.;S;Q;F;S;G;S;G;.;.;Y;G;R;D;F;T;L;T;V;S;S;L;Q;P;E;D;F;A;T;Y;*;C;Q;Q;E;S;I;F;P
Homsap IGKV1-39*01 F, or Homsap IGKV1D-39*01 F;D;I;Q;M;T;Q;S;P;S;S;L;S;A;S;V;G;D;R;V;T;I;T;C;R;A;S;Q;G;I;.;.;.;.;.;.;S;N;N;L;N;W;Y;Q;Q;K;P;G;K;T;P;K;L;L;I;Y;A;A;.;.;.;.;.;.;.;S;S;L;Q;S;G;I;P;.;S;R;F;S;D;S;G;.;.;S;G;A;D;Y;T;L;T;I;R;S;L;Q;P;E;D;F;A;N;Y;Y;C;Q;Q;S;D;S;T;P
Homsap IGKV1-39*01 F, or Homsap IGKV1D-39*01 F;D;I;Q;M;T;Q;S;P;S;S;L;S;A;S;V;G;G;R;V;T;I;T;C;R;A;S;Q;G;I;.;.;.;.;.;.;S;N;N;L;N;W;Y;Q;Q;K;P;G;K;T;P;K;L;L;I;Y;A;A;.;.;.;.;.;.;.;S;S;L;Q;S;G;I;P;.;S;R;F;S;D;S;G;.;.;S;G;A;D;Y;T;L;T;I;S;S;L;Q;P;E;D;F;A;A;Y;Y;C;Q;Q;S;D;S;T;P
Homsap IGKV1-39*01 F, or Homsap IGKV1D-39*01 F;D;I;Q;M;T;Q;P;P;S;S;L;S;A;S;V;G;D;R;V;T;V;S;C;Q;A;S;Q;S;I;.;.;.;.;.;.;Y;N;Y;L;N;W;Y;Q;Q;K;P;G;K;A;P;K;F;L;T;Y;R;A;.;.;.;.;.;.;.;S;S;L;Q;R;G;M;P;.;S;Q;F;S;G;S;G;.;.;Y;G;R;D;F;T;L;T;V;S;S;L;Q;P;E;D;F;A;T;Y;*;C;Q;Q;E;S;I;F;P
Homsap IGKV1-39*01 F, or Homsap IGKV1D-39*01 F;D;I;Q;M;T;Q;P;P;S;S;L;S;A;S;V;G;D;R;A;T;V;S;C;Q;A;S;Q;S;I;.;.;.;.;.;.;Y;N;Y;L;N;W;Y;Q;Q;K;P;G;K;A;P;K;F;L;T;Y;R;A;.;.;.;.;.;.;.;S;S;L;Q;R;A;M;P;.;S;Q;F;S;G;S;G;.;.;Y;G;R;D;F;T;L;T;V;S;S;L;Q;P;E;D;F;A;T;Y;*;C;Q;Q;E;S;I;F;P
Homsap IGKV1-39*01 F, or Homsap IGKV1D-39*01 F;D;I;Q;M;T;Q;S;P;S;S;L;S;A;S;V;G;G;R;V;T;I;T;C;R;A;S;Q;G;I;.;.;.;.;.;.;S;N;N;L;N;W;Y;Q;Q;K;P;G;K;T;P;K;P;L;I;Y;A;A;.;.;.;.;.;.;.;S;S;L;Q;S;G;I;P;.;S;Q;F;S;D;S;G;.;.;S;G;T;D;*;T;L;T;I;S;S;L;Q;P;E;D;F;A;T;Y;Y;C;Q;Q;S;Y;S;T;P
Homsap IGKV1-39*01 F, or Homsap IGKV1D-39*01 F;D;I;Q;M;T;Q;S;P;S;S;L;S;A;S;V;G;D;R;V;T;I;T;C;R;A;S;Q;G;I;.;.;.;.;.;.;S;N;N;L;N;W;Y;Q;Q;K;P;G;K;T;P;K;L;L;I;Y;A;A;.;.;.;.;.;.;.;S;S;L;Q;S;G;I;P;.;S;Q;F;S;D;S;G;.;.;S;G;T;D;*;T;L;T;I;S;S;L;Q;P;E;D;F;T;T;Y;Y;C;Q;Q;S;Y;S;T;P
Homsap IGKV1-39*01 F, or Homsap IGKV1D-39*01 F;D;I;Q;M;T;Q;S;P;S;S;L;S;A;S;V;G;G;R;V;T;I;T;C;R;V;S;Q;G;I;.;.;.;.;.;.;S;N;N;L;N;W;Y;Q;Q;K;P;R;K;T;P;K;L;L;I;Y;A;A;.;.;.;.;.;.;.;S;S;L;Q;S;G;I;P;.;S;R;F;S;D;S;G;.;.;S;G;T;D;Y;T;L;T;I;S;S;L;Q;P;E;D;F;A;T;Y;Y;C;Q;Q;S;D;S;N;P
Homsap IGKV1-39*01 F, or Homsap IGKV1D-39*01 F;D;I;Q;M;T;Q;S;P;S;S;L;S;A;S;V;G;G;R;V;T;I;T;C;R;A;S;Q;G;I;.;.;.;.;.;.;S;N;N;L;N;W;Y;Q;Q;K;P;R;K;T;P;K;L;L;I;Y;A;A;.;.;.;.;.;.;.;S;S;L;Q;S;G;I;P;.;S;R;F;S;D;S;G;.;.;S;G;T;D;Y;T;L;T;I;S;S;L;Q;P;E;D;F;A;T;Y;Y;C;Q;Q;S;D;S;N;P
Homsap IGKV1-39*01 F, or Homsap IGKV1D-39*01 F;D;I;Q;M;T;Q;S;P;S;S;L;S;A;S;V;G;D;R;V;T;I;T;C;R;A;S;Q;G;I;.;.;.;.;.;.;I;N;N;L;N;W;Y;Q;K;K;P;G;K;T;P;K;L;L;I;Y;A;A;.;.;.;.;.;.;.;S;S;L;Q;S;G;I;P;.;T;R;F;S;D;S;G;.;.;S;G;T;D;Y;T;P;T;I;S;S;L;Q;P;E;D;F;A;T;Y;Y;C;Q;Q;S;D;S;T;P
Homsap IGKV1D-12*01 F;D;I;Q;M;T;Q;S;P;S;S;V;S;A;S;V;G;D;R;V;T;I;T;C;R;A;S;Q;G;I;.;.;.;.;.;.;S;S;W;L;A;W;Y;Q;Q;K;P;G;K;A;P;K;L;L;I;Y;A;A;.;.;.;.;.;.;.;S;S;L;Q;S;G;V;P;.;S;R;F;S;G;S;G;.;.;S;G;T;D;F;T;L;T;I;S;S;L;Q;P;E;D;F;A;T;Y;Y;C;Q;Q;A;N;S;F;P
Homsap IGKV1-12*01 F, or Homsap IGKV1-12*02 F or Homsap IGKV1D-12*02 F;D;I;Q;M;T;Q;S;P;S;S;V;S;A;S;V;G;D;R;V;T;I;T;C;R;A;S;Q;G;I;.;.;.;.;.;.;S;S;W;L;A;W;Y;Q;Q;K;P;G;K;A;P;K;L;L;I;Y;A;A;.;.;.;.;.;.;.;S;S;L;Q;S;G;V;P;.;S;R;F;S;G;S;G;.;.;S;G;T;D;F;T;L;T;I;S;S;L;Q;P;E;D;F;A;T;Y;Y;C;Q;Q;A;N;S;F;P
Homsap IGKV1D-13*01 F;A;I;Q;L;T;Q;S;P;S;S;L;S;A;S;V;G;D;R;V;T;I;T;C;R;A;S;Q;G;I;.;.;.;.;.;.;S;S;A;L;A;W;Y;Q;Q;K;P;G;K;A;P;K;L;L;I;Y;D;A;.;.;.;.;.;.;.;S;S;L;E;S;G;V;P;.;S;R;F;S;G;S;G;.;.;S;G;T;D;F;T;L;T;I;S;S;L;Q;P;E;D;F;A;T;Y;Y;C;Q;Q;F;N;N;Y;P
Homsap IGKV1-13*02 F, or Homsap IGKV1D-13*02 F;A;I;Q;L;T;Q;S;P;S;S;L;S;A;S;V;G;D;R;V;T;I;T;C;R;A;S;Q;G;I;.;.;.;.;.;.;S;S;A;L;A;W;Y;Q;Q;K;P;G;K;A;P;K;L;L;I;Y;D;A;.;.;.;.;.;.;.;S;S;L;E;S;G;V;P;.;S;R;F;S;G;S;G;.;.;S;G;T;D;F;T;L;T;I;S;S;L;Q;P;E;D;F;A;T;Y;Y;C;Q;Q;F;N;S;Y;P
Homsap IGKV1D-16*01 F;D;I;Q;M;T;Q;S;P;S;S;L;S;A;S;V;G;D;R;V;T;I;T;C;R;A;S;Q;G;I;.;.;.;.;.;.;S;S;W;L;A;W;Y;Q;Q;K;P;E;K;A;P;K;S;L;I;Y;A;A;.;.;.;.;.;.;.;S;S;L;Q;S;G;V;P;.;S;R;F;S;G;S;G;.;.;S;G;T;D;F;T;L;T;I;S;S;L;Q;P;E;D;F;A;T;Y;Y;C;Q;Q;Y;N;S;Y;P
Homsap IGKV1D-16*02 F;D;I;Q;M;T;Q;S;P;S;S;L;S;A;S;V;G;D;R;V;T;I;T;C;R;A;R;Q;G;I;.;.;.;.;.;.;S;S;W;L;A;W;Y;Q;Q;K;P;E;K;A;P;K;S;L;I;Y;A;A;.;.;.;.;.;.;.;S;S;L;Q;S;G;V;P;.;S;R;F;S;G;S;G;.;.;S;G;T;D;F;T;L;T;I;S;S;L;Q;P;E;D;F;A;T;Y;Y;C;Q;Q;Y;N;S;Y;P
Homsap IGKV1D-17*01 F;N;I;Q;M;T;Q;S;P;S;A;M;S;A;S;V;G;D;R;V;T;I;T;C;R;A;R;Q;G;I;.;.;.;.;.;.;S;N;Y;L;A;W;F;Q;Q;K;P;G;K;V;P;K;H;L;I;Y;A;A;.;.;.;.;.;.;.;S;S;L;Q;S;G;V;P;.;S;R;F;S;G;S;G;.;.;S;G;T;E;F;T;L;T;I;S;S;L;Q;P;E;D;F;A;T;Y;Y;C;L;Q;H;N;S;Y;P
Homsap IGKV1-33*01 F, or Homsap IGKV1D-33*01 F;D;I;Q;M;T;Q;S;P;S;S;L;S;A;S;V;G;D;R;V;T;I;T;C;Q;A;S;Q;D;I;.;.;.;.;.;.;S;N;Y;L;N;W;Y;Q;Q;K;P;G;K;A;P;K;L;L;I;Y;D;A;.;.;.;.;.;.;.;S;N;L;E;T;G;V;P;.;S;R;F;S;G;S;G;.;.;S;G;T;D;F;T;F;T;I;S;S;L;Q;P;E;D;I;A;T;Y;Y;C;Q;Q;Y;D;N;L;P
Homsap IGKV1-37*01 ORF, or Homsap IGKV1D-37*01 ORF;D;I;Q;L;T;Q;S;P;S;S;L;S;A;S;V;G;D;R;V;T;I;T;C;R;V;S;Q;G;I;.;.;.;.;.;.;S;S;Y;L;N;W;Y;R;Q;K;P;G;K;V;P;K;L;L;I;Y;S;A;.;.;.;.;.;.;.;S;N;L;Q;S;G;V;P;.;S;R;F;S;G;S;G;.;.;S;G;T;D;F;T;L;T;I;S;S;L;Q;P;E;D;V;A;T;Y;Y;G;Q;R;T;Y;N;A;P
Homsap IGKV1-39*01 F, or Homsap IGKV1D-39*01 F;D;I;Q;M;T;Q;S;P;S;S;L;S;A;S;V;G;D;R;V;T;I;T;C;R;A;S;Q;S;I;.;.;.;.;.;.;S;S;Y;L;N;W;Y;Q;Q;K;P;G;K;A;P;K;L;L;I;Y;A;A;.;.;.;.;.;.;.;S;S;L;Q;S;G;V;P;.;S;R;F;S;G;S;G;.;.;S;G;T;D;F;T;L;T;I;S;S;L;Q;P;E;D;F;A;T;Y;Y;C;Q;Q;S;Y;S;T;P
Homsap IGKV1D-42*01 ORF;D;I;Q;M;I;Q;S;P;S;F;L;S;A;S;V;G;D;R;V;S;I;I;C;W;A;S;E;G;I;.;.;.;.;.;.;S;S;N;L;A;W;Y;L;Q;K;P;G;K;S;P;K;L;F;L;Y;D;A;.;.;.;.;.;.;.;K;D;L;H;P;G;V;S;.;S;R;F;S;G;R;G;.;.;S;G;T;D;F;T;L;T;I;I;S;L;K;P;E;D;F;A;A;Y;Y;C;K;Q;D;F;S;Y;P
Homsap IGKV1D-42*02 ORF;D;I;Q;M;T;Q;S;P;S;F;L;S;A;S;V;G;D;R;V;S;I;I;C;W;A;S;E;G;I;.;.;.;.;.;.;S;S;N;L;A;W;Y;L;Q;K;P;G;K;S;P;K;L;F;L;Y;D;A;.;.;.;.;.;.;.;K;D;L;H;P;G;V;S;.;S;R;F;S;G;R;G;.;.;S;G;T;D;F;T;L;T;I;I;S;L;K;P;E;D;F;A;A;Y;Y;C;K;Q;D;F;S;Y;P
Homsap IGKV1D-43*01 F;A;I;R;M;T;Q;S;P;F;S;L;S;A;S;V;G;D;R;V;T;I;T;C;W;A;S;Q;G;I;.;.;.;.;.;.;S;S;Y;L;A;W;Y;Q;Q;K;P;A;K;A;P;K;L;F;I;Y;Y;A;.;.;.;.;.;.;.;S;S;L;Q;S;G;V;P;.;S;R;F;S;G;S;G;.;.;S;G;T;D;Y;T;L;T;I;S;S;L;Q;P;E;D;F;A;T;Y;Y;C;Q;Q;Y;Y;S;T;P
Homsap IGKV1D-8*01 F;V;I;W;M;T;Q;S;P;S;L;L;S;A;S;T;G;D;R;V;T;I;S;C;R;M;S;Q;G;I;.;.;.;.;.;.;S;S;Y;L;A;W;Y;Q;Q;K;P;G;K;A;P;E;L;L;I;Y;A;A;.;.;.;.;.;.;.;S;T;L;Q;S;G;V;P;.;S;R;F;S;G;S;G;.;.;S;G;T;D;F;T;L;T;I;S;C;L;Q;S;E;D;F;A;T;Y;Y;C;Q;Q;Y;Y;S;F;P
Homsap IGKV1D-8*02 F;A;I;W;M;T;Q;S;P;S;L;L;S;A;S;T;G;D;R;V;T;I;S;C;R;M;S;Q;G;I;.;.;.;.;.;.;S;S;Y;L;A;W;Y;Q;Q;K;P;G;K;A;P;E;L;L;I;Y;A;A;.;.;.;.;.;.;.;S;T;L;Q;S;G;V;P;.;S;R;F;S;G;S;G;.;.;S;G;T;D;F;T;L;T;I;S;C;L;Q;S;E;D;F;A;T;Y;Y;C;Q;Q;Y;Y;S;F;P
Homsap IGKV1D-8*03 F;V;I;W;M;T;Q;S;P;S;L;L;S;A;S;T;G;D;R;V;T;I;S;C;R;M;S;Q;G;I;.;.;.;.;.;.;S;S;Y;L;A;W;Y;Q;Q;K;P;G;K;A;P;E;L;L;I;Y;A;A;.;.;.;.;.;.;.;S;T;L;Q;S;G;V;P;.;S;R;F;S;G;S;G;.;.;S;G;T;D;F;T;L;T;I;S;C;L;Q;S;E;D;F;A;T;Y;Y;C;Q;Q;Y;Y;S;F;P
Homsap IGKV2-18*01 P;D;I;V;M;T;Q;T;P;P;S;L;P;V;N;P;G;E;P;A;S;I;S;C;R;S;S;Q;S;L;L;H;S;.;N;G;Y;T;Y;L;H;W;Y;L;Q;K;P;G;Q;S;P;Q;L;L;I;Y;R;V;.;.;.;.;.;.;.;S;N;H;L;S;G;V;P;.;D;R;F;S;G;S;G;.;.;S;G;S;D;F;T;L;K;I;S;W;V;E;A;E;D;V;G;V;Y;Y;C;M;Q;A;T;Q;F;P
Homsap IGKV2-24*01 F;D;I;V;M;T;Q;T;P;L;S;S;P;V;T;L;G;Q;P;A;S;I;S;C;R;S;S;Q;S;L;V;H;S;.;D;G;N;T;Y;L;S;W;L;Q;Q;R;P;G;Q;P;P;R;L;L;I;Y;K;I;.;.;.;.;.;.;.;S;N;R;F;S;G;V;P;.;D;R;F;S;G;S;G;.;.;A;G;T;D;F;T;L;K;I;S;R;V;E;A;E;D;V;G;V;Y;Y;C;M;Q;A;T;Q;F;P
Homsap IGKV2-28*01 F, or Homsap IGKV2D-28*01 F;D;I;V;M;T;Q;S;P;L;S;L;P;V;T;P;G;E;P;A;S;I;S;C;R;S;S;Q;S;L;L;H;S;.;N;G;Y;N;Y;L;D;W;Y;L;Q;K;P;G;Q;S;P;Q;L;L;I;Y;L;G;.;.;.;.;.;.;.;S;N;R;A;S;G;V;P;.;D;R;F;S;G;S;G;.;.;S;G;T;D;F;T;L;K;I;S;R;V;E;A;E;D;V;G;V;Y;Y;C;M;Q;A;L;Q;T;P
Homsap IGKV2-29*01 P;D;I;V;M;T;Q;T;P;L;S;L;S;V;T;P;G;Q;P;A;S;I;S;C;K;S;S;Q;S;L;L;H;S;.;D;G;K;T;Y;L;Y;W;Y;L;Q;K;P;G;Q;S;P;Q;L;L;I;Y;E;V;.;.;.;.;.;.;.;S;S;R;F;S;G;V;P;.;D;R;F;S;G;S;G;.;.;S;G;T;D;F;T;L;K;I;S;R;V;E;A;E;D;V;G;V;Y;Y;*;M;Q;G;I;H;L;P
Homsap IGKV2-29*02 F;D;I;V;M;T;Q;T;P;L;S;L;S;V;T;P;G;Q;P;A;S;I;S;C;K;S;S;Q;S;L;L;H;S;.;D;G;K;T;Y;L;Y;W;Y;L;Q;K;P;G;Q;S;P;Q;L;L;I;Y;E;V;.;.;.;.;.;.;.;S;S;R;F;S;G;V;P;.;D;R;F;S;G;S;G;.;.;S;G;T;D;F;T;L;K;I;S;R;V;E;A;E;D;V;G;V;Y;Y;C;M;Q;G;I;H;L;P
Homsap IGKV2-29*03 F;D;I;V;M;T;Q;T;P;L;S;L;S;V;T;P;G;Q;P;A;S;I;S;C;K;S;S;Q;S;L;L;H;S;.;D;G;K;T;Y;L;Y;W;Y;L;Q;K;P;G;Q;S;P;Q;L;L;I;Y;E;V;.;.;.;.;.;.;.;S;S;R;F;S;G;V;P;.;D;R;F;S;G;S;G;.;.;S;G;T;D;F;T;L;K;I;S;R;V;E;A;E;D;V;G;V;Y;Y;C;M;Q;G;I;H;L;P
Homsap IGKV2-30*01 F;D;V;V;M;T;Q;S;P;L;S;L;P;V;T;L;G;Q;P;A;S;I;S;C;R;S;S;Q;S;L;V;Y;S;.;D;G;N;T;Y;L;N;W;F;Q;Q;R;P;G;Q;S;P;R;R;L;I;Y;K;V;.;.;.;.;.;.;.;S;N;R;D;S;G;V;P;.;D;R;F;S;G;S;G;.;.;S;G;T;D;F;T;L;K;I;S;R;V;E;A;E;D;V;G;V;Y;Y;C;M;Q;G;T;H;W;P
Homsap IGKV2-30*02 [F];D;V;V;M;T;Q;S;P;L;S;L;P;V;T;L;G;Q;P;A;S;I;S;C;R;S;S;Q;S;L;V;H;S;.;D;G;N;T;Y;L;N;W;F;Q;Q;R;P;G;Q;S;P;R;R;L;I;Y;K;V;.;.;.;.;.;.;.;S;N;R;D;S;G;V;P;.;D;R;F;S;G;S;G;.;.;S;G;T;D;F;T;L;K;I;S;R;V;E;A;E;D;V;G;V;Y;Y;C;M;Q;G;T;H;W;P
Homsap IGKV2-4*01 P;D;I;V;M;T;Q;H;L;L;S;L;P;I;P;L;G;E;P;A;S;I;S;C;R;S;S;Q;S;L;L;H;S;.;D;G;N;T;Y;L;D;W;Y;L;Q;K;P;G;Q;S;P;Q;L;L;I;Y;T;I;.;.;.;.;.;.;.;S;N;K;F;Y;G;V;P;.;N;K;F;S;G;S;R;.;.;S;G;T;G;F;T;L;K;F;S;K;V;E;A;E;D;V;G;V;Y;C;C;E;Q;G;L;Q;G;P
Homsap IGKV2-40*01 F, or Homsap IGKV2D-40*01 F;D;I;V;M;T;Q;T;P;L;S;L;P;V;T;P;G;E;P;A;S;I;S;C;R;S;S;Q;S;L;L;D;S;D;D;G;N;T;Y;L;D;W;Y;L;Q;K;P;G;Q;S;P;Q;L;L;I;Y;T;L;.;.;.;.;.;.;.;S;Y;R;A;S;G;V;P;.;D;R;F;S;G;S;G;.;.;S;G;T;D;F;T;L;K;I;S;R;V;E;A;E;D;V;G;V;Y;Y;C;M;Q;R;I;E;F;P
Homsap IGKV2-40*02 F;.;.;.;.;.;.;.;.;.;.;.;.;.;.;.;.;.;.;A;S;I;S;C;R;S;S;Q;S;L;L;D;S;D;D;G;N;T;Y;L;D;C;Y;L;Q;K;P;G;Q;S;P;Q;L;L;I;Y;T;L;.;.;.;.;.;.;.;S;Y;R;A;S;G;V;P;.;D;R;F;S;D;S;G;.;.;S;G;T;D;F;T;L;K;I;S;R;V;E;A;E;D;V;G;V;Y;Y;C;M;Q;R;I;E;F;P
Homsap IGKV2D-29*01 F;D;I;L;L;T;Q;T;P;L;S;L;S;I;T;P;G;E;P;A;S;I;S;C;R;S;S;R;S;L;L;H;S;.;N;G;N;T;Y;L;H;W;*;L;Q;K;P;G;Q;P;P;Q;C;L;I;C;K;V;.;.;.;.;.;.;.;S;N;R;F;S;G;V;P;.;D;R;F;S;G;S;G;.;.;S;G;I;D;F;T;L;K;I;S;P;V;E;A;A;D;V;G;V;Y;I;T;A;C;K;L;H;T;
Homsap IGKV2-40*01 F, or Homsap IGKV2D-40*01 F;D;I;V;M;T;Q;T;P;L;S;L;P;V;T;P;G;E;P;A;S;I;S;C;R;S;S;E;S;L;L;D;T;D;D;E;Y;T;Y;L;N;W;Y;L;Q;K;P;G;Q;S;P;Q;L;L;I;Y;E;V;.;.;.;.;.;.;.;S;N;R;A;S;G;V;P;.;D;R;F;S;G;S;G;.;.;S;G;T;D;F;T;L;K;I;S;R;V;E;A;*;D;V;G;V;Y;Y;C;M;Q;A;L;Q;T;
Homsap IGKV2D-18*01 P;D;I;V;M;T;Q;T;P;P;S;L;P;V;N;P;G;E;P;A;S;I;S;C;R;S;S;Q;S;L;L;H;S;.;N;G;Y;T;Y;L;H;W;Y;P;Q;K;P;G;Q;S;P;Q;L;L;I;Y;R;V;.;.;.;.;.;.;.;S;S;R;F;S;G;V;P;.;D;R;F;S;G;S;G;.;.;S;G;S;D;F;T;L;K;I;S;W;V;E;A;E;D;V;G;V;Y;Y;C;M;Q;A;T;Q;F;P
Homsap IGKV2D-24*01 ORF;D;I;V;M;T;Q;T;P;L;S;S;P;V;T;L;G;Q;P;A;S;I;S;F;R;S;S;Q;S;L;V;H;S;.;D;G;N;T;Y;L;S;W;L;Q;Q;R;P;G;Q;P;P;R;L;L;I;Y;K;V;.;.;.;.;.;.;.;S;N;R;F;S;G;V;P;.;D;R;F;S;G;S;G;.;.;A;G;T;D;F;T;L;K;I;S;R;V;E;A;E;D;V;G;V;Y;Y;C;T;Q;A;T;Q;F;P
Homsap IGKV2D-26*01 F;E;I;V;M;T;Q;T;P;L;S;L;S;I;T;P;G;E;Q;A;S;I;S;C;R;S;S;Q;S;L;L;H;S;.;D;G;Y;T;Y;L;Y;W;F;L;Q;K;A;R;P;V;S;T;L;L;I;Y;E;V;.;.;.;.;.;.;.;S;N;R;F;S;G;V;P;.;D;R;F;S;G;S;G;.;.;S;G;T;D;F;T;L;K;I;S;R;V;E;A;E;D;F;G;V;Y;Y;C;M;Q;D;A;Q;D;P
Homsap IGKV2D-26*02 F;E;I;V;M;T;Q;T;P;L;S;L;S;I;T;P;G;E;Q;A;S;M;S;C;R;S;S;Q;S;L;L;H;S;.;D;G;Y;T;Y;L;Y;W;F;L;Q;K;A;R;P;V;S;T;L;L;I;C;E;V;.;.;.;.;.;.;.;S;N;R;F;S;G;V;P;.;D;R;F;S;G;S;G;.;.;S;G;T;D;F;T;L;K;I;S;R;V;E;A;E;D;F;G;V;Y;Y;C;M;Q;D;A;Q;D;P
Homsap IGKV2D-26*03 F;E;I;V;M;T;Q;T;P;L;S;L;S;I;T;P;G;E;Q;A;S;M;S;C;R;S;S;Q;S;L;L;H;S;.;D;G;Y;T;Y;L;Y;W;F;L;Q;K;A;R;P;V;S;T;L;L;I;Y;E;V;.;.;.;.;.;.;.;S;N;R;F;S;G;V;P;.;D;R;F;S;G;S;G;.;.;S;G;T;D;F;T;L;K;I;S;R;V;E;A;E;D;F;G;V;Y;Y;C;M;Q;D;A;Q;D;P
Homsap IGKV2-28*01 F, or Homsap IGKV2D-28*01 F;D;I;V;M;T;Q;S;P;L;S;L;P;V;T;P;G;E;P;A;S;I;S;C;R;S;S;Q;S;L;L;H;S;.;N;G;Y;N;Y;L;D;W;Y;L;Q;K;P;G;Q;S;P;Q;L;L;I;Y;L;G;.;.;.;.;.;.;.;S;N;R;A;S;G;V;P;.;D;R;F;S;G;S;G;.;.;S;G;T;D;F;T;L;K;I;S;R;V;E;A;E;D;V;G;V;Y;Y;C;M;Q;A;L;Q;T;P
Homsap IGKV2D-29*01 F;D;I;V;M;T;Q;T;P;L;S;L;S;V;T;P;G;Q;P;A;S;I;S;C;K;S;S;Q;S;L;L;H;S;.;D;G;K;T;Y;L;Y;W;Y;L;Q;K;P;G;Q;P;P;Q;L;L;I;Y;E;V;.;.;.;.;.;.;.;S;N;R;F;S;G;V;P;.;D;R;F;S;G;S;G;.;.;S;G;T;D;F;T;L;K;I;S;R;V;E;A;E;D;V;G;V;Y;Y;C;M;Q;S;I;Q;L;P
Homsap IGKV2D-29*02 F;D;I;V;M;T;Q;T;P;L;S;L;S;V;T;P;G;Q;P;A;S;I;S;C;K;S;S;Q;S;L;L;H;S;.;D;G;K;T;Y;L;Y;W;Y;L;Q;K;P;G;Q;S;P;Q;L;L;I;Y;E;V;.;.;.;.;.;.;.;S;N;R;F;S;G;V;P;.;D;R;F;S;G;S;G;.;.;S;G;T;D;F;T;L;K;I;S;R;V;E;A;E;D;V;G;V;Y;Y;C;M;Q;S;I;Q;L;P
Homsap IGKV2D-30*01 F;D;V;V;M;T;Q;S;P;L;S;L;P;V;T;L;G;Q;P;A;S;I;S;C;R;S;S;Q;S;L;V;Y;S;.;D;G;N;T;Y;L;N;W;F;Q;Q;R;P;G;Q;S;P;R;R;L;I;Y;K;V;.;.;.;.;.;.;.;S;N;W;D;S;G;V;P;.;D;R;F;S;G;S;G;.;.;S;G;T;D;F;T;L;K;I;S;R;V;E;A;E;D;V;G;V;Y;Y;C;M;Q;G;T;H;W;P
Homsap IGKV2-40*01 F, or Homsap IGKV2D-40*01 F;D;I;V;M;T;Q;T;P;L;S;L;P;V;T;P;G;E;P;A;S;I;S;C;R;S;S;Q;S;L;L;D;S;D;D;G;N;T;Y;L;D;W;Y;L;Q;K;P;G;Q;S;P;Q;L;L;I;Y;T;L;.;.;.;.;.;.;.;S;Y;R;A;S;G;V;P;.;D;R;F;S;G;S;G;.;.;S;G;T;D;F;T;L;K;I;S;R;V;E;A;E;D;V;G;V;Y;Y;C;M;Q;R;I;E;F;P
Homsap IGKV3-11*01 F;E;I;V;L;T;Q;S;P;A;T;L;S;L;S;P;G;E;R;A;T;L;S;C;R;A;S;Q;S;V;.;.;.;.;.;.;S;S;Y;L;A;W;Y;Q;Q;K;P;G;Q;A;P;R;L;L;I;Y;D;A;.;.;.;.;.;.;.;S;N;R;A;T;G;I;P;.;A;R;F;S;G;S;G;.;.;S;G;T;D;F;T;L;T;I;S;S;L;E;P;E;D;F;A;V;Y;Y;C;Q;Q;R;S;N;W;P
Homsap IGKV3-11*02 F;E;I;V;L;T;Q;S;P;A;T;L;S;L;S;P;G;E;R;A;T;L;S;C;R;A;S;Q;S;V;.;.;.;.;.;.;S;S;Y;L;A;W;Y;Q;Q;K;P;G;Q;A;P;R;L;L;I;Y;D;A;.;.;.;.;.;.;.;S;N;R;A;T;G;I;P;.;A;R;F;S;G;S;G;.;.;S;G;R;D;F;T;L;T;I;S;S;L;E;P;E;D;F;A;V;Y;Y;C;Q;Q;R;S;N;W;P
Homsap IGKV3-15*01 F;E;I;V;M;T;Q;S;P;A;T;L;S;V;S;P;G;E;R;A;T;L;S;C;R;A;S;Q;S;V;.;.;.;.;.;.;S;S;N;L;A;W;Y;Q;Q;K;P;G;Q;A;P;R;L;L;I;Y;G;A;.;.;.;.;.;.;.;S;T;R;A;T;G;I;P;.;A;R;F;S;G;S;G;.;.;S;G;T;E;F;T;L;T;I;S;S;L;Q;S;E;D;F;A;V;Y;Y;C;Q;Q;Y;N;N;W;P
Homsap IGKV3-20*01 F;E;I;V;L;T;Q;S;P;G;T;L;S;L;S;P;G;E;R;A;T;L;S;C;R;A;S;Q;S;V;S;.;.;.;.;.;S;S;Y;L;A;W;Y;Q;Q;K;P;G;Q;A;P;R;L;L;I;Y;G;A;.;.;.;.;.;.;.;S;S;R;A;T;G;I;P;.;D;R;F;S;G;S;G;.;.;S;G;T;D;F;T;L;T;I;S;R;L;E;P;E;D;F;A;V;Y;Y;C;Q;Q;Y;G;S;S;P
Homsap IGKV3-20*02 F;E;I;V;L;T;Q;S;P;A;T;L;S;L;S;P;G;E;R;A;T;L;S;C;R;A;S;Q;S;V;S;.;.;.;.;.;S;S;Y;L;A;W;Y;Q;Q;K;P;G;Q;A;P;R;L;L;I;Y;G;A;.;.;.;.;.;.;.;S;S;R;A;T;G;I;P;.;A;R;F;S;G;S;G;.;.;S;G;T;D;F;T;L;T;I;S;R;L;E;P;E;D;F;A;V;Y;Y;C;Q;;;;;;
Homsap IGKV3-7*01 ORF;E;I;V;M;T;Q;S;P;P;T;L;S;L;S;P;G;E;R;V;T;L;S;C;R;A;S;Q;S;V;S;.;.;.;.;.;S;S;Y;L;T;W;Y;Q;Q;K;P;G;Q;A;P;R;L;L;I;Y;G;A;.;.;.;.;.;.;.;S;T;R;A;T;S;I;P;.;A;R;F;S;G;S;G;.;.;S;G;T;D;F;T;L;T;I;S;S;L;Q;P;E;D;F;A;V;Y;Y;C;Q;Q;D;H;N;L;P
Homsap IGKV3-7*02 ORF;E;I;V;M;T;Q;S;P;P;T;L;S;L;S;P;G;E;R;V;T;L;S;C;R;A;S;Q;S;V;S;.;.;.;.;.;S;S;Y;L;S;W;Y;Q;Q;K;P;G;Q;A;P;R;L;L;I;Y;G;A;.;.;.;.;.;.;.;S;T;R;A;T;G;I;P;.;A;R;F;S;G;S;G;.;.;S;G;T;D;F;T;L;T;I;S;S;L;Q;P;E;D;F;A;V;Y;Y;C;Q;Q;D;Y;N;L;P
Homsap IGKV3-7*03 ORF;E;I;V;M;T;Q;S;P;P;T;L;S;L;S;P;G;E;R;V;T;L;S;C;R;A;S;Q;S;V;S;.;.;.;.;.;S;S;Y;L;T;W;Y;Q;Q;K;P;G;Q;A;P;R;L;L;I;Y;G;A;.;.;.;.;.;.;.;S;T;R;A;T;S;I;P;.;A;R;F;S;G;S;G;.;.;S;G;R;D;F;T;L;T;I;S;S;L;Q;P;E;D;F;A;V;Y;Y;C;Q;Q;D;H;N;L;P
Homsap IGKV3-7*04 [ORF];E;I;V;M;T;Q;S;P;P;T;L;S;L;S;P;G;E;R;V;T;L;S;C;R;A;S;Q;S;V;S;.;.;.;.;.;S;S;Y;L;T;W;Y;Q;Q;K;P;G;Q;A;P;R;L;L;I;Y;G;A;.;.;.;.;.;.;.;S;T;R;A;T;S;I;P;.;A;R;F;S;G;S;G;.;.;S;G;T;D;F;T;L;T;I;S;S;L;Q;P;E;D;F;A;V;Y;Y;C;Q;Q;D;Y;N;L;P
Homsap IGKV3D-7*01 F;E;I;V;M;T;Q;S;P;A;T;L;S;L;S;P;G;E;R;A;T;L;S;C;R;A;S;Q;S;V;S;.;.;.;.;.;S;S;Y;L;S;W;Y;Q;Q;K;P;G;Q;A;P;R;L;L;I;Y;G;A;.;.;.;.;.;.;.;S;T;R;A;T;G;I;P;.;A;R;F;S;G;S;G;.;.;S;G;T;D;F;T;L;T;I;S;S;L;Q;P;E;D;F;A;V;Y;Y;C;Q;Q;D;Y;N;L;P
Homsap IGKV3D-7*01 F;E;I;V;M;T;Q;S;P;A;T;L;S;L;S;P;G;E;R;A;T;L;S;C;R;A;S;Q;S;V;S;.;.;.;.;.;S;S;Y;L;S;W;Y;Q;Q;K;P;G;Q;A;P;R;L;L;I;Y;G;A;.;.;.;.;.;.;.;S;T;R;A;T;G;I;P;.;A;R;F;S;G;S;G;.;.;S;G;T;D;F;T;L;T;I;S;S;L;Q;P;E;D;F;A;V;Y;Y;C;Q;Q;D;Y;N;L;P
Homsap IGKV3D-11*01 F;E;I;V;L;T;Q;S;P;A;T;L;S;L;S;P;G;E;R;A;T;L;S;C;R;A;S;Q;G;V;.;.;.;.;.;.;S;S;Y;L;A;W;Y;Q;Q;K;P;G;Q;A;P;R;L;L;I;Y;D;A;.;.;.;.;.;.;.;S;N;R;A;T;G;I;P;.;A;R;F;S;G;S;G;.;.;P;G;T;D;F;T;L;T;I;S;S;L;E;P;E;D;F;A;V;Y;Y;C;Q;Q;R;S;N;W;H
Homsap IGKV3D-11*02 F;E;I;V;L;T;Q;S;P;A;T;L;S;L;S;P;G;E;R;A;T;L;S;C;R;A;S;Q;S;V;.;.;.;.;.;.;S;S;Y;L;A;W;Y;Q;Q;K;P;G;Q;A;P;R;L;L;I;Y;D;A;.;.;.;.;.;.;.;S;N;R;A;T;G;I;P;.;A;R;F;S;G;S;G;.;.;P;G;T;D;F;T;L;T;I;S;S;L;E;P;E;D;F;A;V;Y;Y;C;Q;Q;R;S;N;W;H
Homsap IGKV3D-11*03 F;E;I;V;L;T;Q;S;P;A;T;L;S;L;S;P;G;E;R;A;T;L;S;C;R;A;S;Q;G;V;.;.;.;.;.;.;S;S;N;L;A;W;Y;Q;Q;K;P;G;Q;A;P;R;L;L;I;Y;D;A;.;.;.;.;.;.;.;S;N;R;A;T;G;I;P;.;A;R;F;S;G;S;G;.;.;P;G;T;D;F;T;L;T;I;S;S;L;E;P;E;D;F;A;V;Y;Y;C;Q;Q;R;S;N;W;H
Homsap IGKV3D-15*01 F;E;I;V;M;T;Q;S;P;A;T;L;S;V;S;P;G;E;R;A;T;L;S;C;R;A;S;Q;S;V;.;.;.;.;.;.;S;S;N;L;A;W;Y;Q;Q;K;P;G;Q;A;P;R;L;L;I;Y;G;A;.;.;.;.;.;.;.;S;T;R;A;T;G;I;P;.;A;R;F;S;G;S;G;.;.;S;G;T;E;F;T;L;T;I;S;S;L;Q;S;E;D;F;A;V;Y;Y;C;Q;Q;Y;N;N;W;P
Homsap IGKV3D-15*02 P;E;I;V;M;M;Q;S;P;A;T;L;S;V;S;P;G;E;R;A;T;L;S;C;R;A;S;Q;S;V;.;.;.;.;.;.;S;S;N;L;A;W;Y;Q;Q;K;P;G;Q;A;P;R;L;L;I;Y;G;A;.;.;.;.;.;.;.;S;T;R;A;T;G;I;P;.;A;R;F;S;G;S;G;.;.;S;G;T;E;F;T;L;T;I;S;S;L;Q;S;E;D;F;A;V;Y;Y;C;Q;Q;Y;N;N;*;P
Homsap IGKV3D-15*03 F;E;I;V;M;T;Q;S;P;A;T;L;S;V;S;P;G;E;R;A;T;L;S;C;R;A;S;Q;S;V;.;.;.;.;.;.;S;S;N;L;A;W;Y;Q;Q;K;P;G;Q;A;P;R;L;L;I;Y;G;A;.;.;.;.;.;.;.;S;I;R;A;T;G;I;P;.;A;R;F;S;G;S;G;.;.;S;G;T;E;F;T;L;T;I;S;I;L;Q;S;E;D;F;A;V;Y;Y;C;Q;Q;Y;N;N;W;P
Homsap IGKV3D-20*01 F;E;I;V;L;T;Q;S;P;A;T;L;S;L;S;P;G;E;R;A;T;L;S;C;G;A;S;Q;S;V;S;.;.;.;.;.;S;S;Y;L;A;W;Y;Q;Q;K;P;G;L;A;P;R;L;L;I;Y;D;A;.;.;.;.;.;.;.;S;S;R;A;T;G;I;P;.;D;R;F;S;G;S;G;.;.;S;G;T;D;F;T;L;T;I;S;R;L;E;P;E;D;F;A;V;Y;Y;C;Q;Q;Y;G;S;S;P
Homsap IGKV3D-20*02 ORF;E;I;V;L;T;Q;S;P;A;T;L;S;L;S;P;G;E;R;A;T;L;S;C;R;A;S;Q;S;V;S;.;.;.;.;.;S;S;Y;L;A;W;Y;Q;Q;K;P;G;Q;A;P;R;L;L;I;Y;D;A;.;.;.;.;.;.;.;S;S;R;A;T;G;I;P;.;D;R;F;S;G;S;G;.;.;S;G;T;D;F;T;L;T;I;S;R;L;E;P;E;D;F;A;V;Y;Y;C;Q;Q;R;S;N;W;H
Homsap IGKV3D-7*01 F;E;I;V;M;T;Q;S;P;A;T;L;S;L;S;P;G;E;R;A;T;L;S;C;R;A;S;Q;S;V;S;.;.;.;.;.;S;S;Y;L;S;W;Y;Q;Q;K;P;G;Q;A;P;R;L;L;I;Y;G;A;.;.;.;.;.;.;.;S;T;R;A;T;G;I;P;.;A;R;F;S;G;S;G;.;.;S;G;T;D;F;T;L;T;I;S;S;L;Q;P;E;D;F;A;V;Y;Y;C;Q;Q;D;Y;N;L;P
Homsap IGKV4-1*01 F;D;I;V;M;T;Q;S;P;D;S;L;A;V;S;L;G;E;R;A;T;I;N;C;K;S;S;Q;S;V;L;Y;S;S;N;N;K;N;Y;L;A;W;Y;Q;Q;K;P;G;Q;P;P;K;L;L;I;Y;W;A;.;.;.;.;.;.;.;S;T;R;E;S;G;V;P;.;D;R;F;S;G;S;G;.;.;S;G;T;D;F;T;L;T;I;S;S;L;Q;A;E;D;V;A;V;Y;Y;C;Q;Q;Y;Y;S;T;P
Homsap IGKV5-2*01 F;E;T;T;L;T;Q;S;P;A;F;M;S;A;T;P;G;D;K;V;N;I;S;C;K;A;S;Q;D;I;.;.;.;.;.;.;D;D;D;M;N;W;Y;Q;Q;K;P;G;E;A;A;I;F;I;I;Q;E;A;.;.;.;.;.;.;.;T;T;L;V;P;G;I;P;.;P;R;F;S;G;S;G;.;.;Y;G;T;D;F;T;L;T;I;N;N;I;E;S;E;D;A;A;Y;Y;F;C;L;Q;H;D;N;F;P
Homsap IGKV6-21*01 F, or Homsap IGKV6D-21*01 F;E;I;V;L;T;Q;S;P;D;F;Q;S;V;T;P;K;E;K;V;T;I;T;C;R;A;S;Q;S;I;.;.;.;.;.;.;G;S;S;L;H;W;Y;Q;Q;K;P;D;Q;S;P;K;L;L;I;K;Y;A;.;.;.;.;.;.;.;S;Q;S;F;S;G;V;P;.;S;R;F;S;G;S;G;.;.;S;G;T;D;F;T;L;T;I;N;S;L;E;A;E;D;A;A;T;Y;Y;C;H;Q;S;S;S;L;P
Homsap IGKV6-21*02 F;E;I;V;L;T;Q;S;P;D;F;Q;S;V;T;P;K;E;K;V;T;I;T;C;R;A;S;Q;S;I;.;.;.;.;.;.;G;S;S;L;H;W;Y;Q;Q;K;P;D;Q;S;P;K;L;L;I;K;Y;A;.;.;.;.;.;.;.;S;Q;S;I;S;G;V;P;.;S;R;F;S;G;S;G;.;.;S;G;T;D;F;T;L;T;I;N;S;L;E;A;E;D;A;A;T;Y;Y;C;H;Q;S;S;S;L;P
Homsap IGKV6-21*01 F, or Homsap IGKV6D-21*01 F;E;I;V;L;T;Q;S;P;D;F;Q;S;V;T;P;K;E;K;V;T;I;T;C;R;A;S;Q;S;I;.;.;.;.;.;.;G;S;S;L;H;W;Y;Q;Q;K;P;D;Q;S;P;K;L;L;I;K;Y;A;.;.;.;.;.;.;.;S;Q;S;F;S;G;V;P;.;S;R;F;S;G;S;G;.;.;S;G;T;D;F;T;L;T;I;N;S;L;E;A;E;D;A;A;T;Y;Y;C;H;Q;S;S;S;L;P
Homsap IGKV6D-21*02 F;E;I;V;L;T;Q;S;P;D;F;Q;S;V;T;P;K;E;K;V;T;I;T;C;R;A;S;Q;S;I;.;.;.;.;.;.;G;S;S;L;H;W;Y;Q;Q;K;P;D;Q;S;P;K;L;L;I;K;Y;A;.;.;.;.;.;.;.;S;Q;S;I;S;G;V;P;.;S;R;F;S;G;S;G;.;.;S;G;T;D;F;T;L;T;I;N;S;L;E;A;E;D;A;A;A;Y;Y;C;H;Q;S;S;S;L;P
Homsap IGKV6D-41*01 ORF;D;V;V;M;T;Q;S;P;A;F;L;S;V;T;P;G;E;K;V;T;I;T;C;Q;A;S;E;G;I;.;.;.;.;.;.;G;N;Y;L;Y;W;Y;Q;Q;K;P;D;Q;A;P;K;L;L;I;K;Y;A;.;.;.;.;.;.;.;S;Q;S;I;S;G;V;P;.;S;R;F;S;G;S;G;.;.;S;G;T;D;F;T;F;T;I;S;S;L;E;A;E;D;A;A;T;Y;Y;C;Q;Q;G;N;K;H;P
Homsap IGKV7-3*01 P;D;I;V;L;T;Q;S;P;A;S;L;A;V;S;P;G;Q;R;A;T;I;T;C;R;A;S;E;S;V;S;F;.;.;L;G;I;N;L;I;H;W;Y;Q;Q;K;P;G;Q;P;P;K;L;L;I;Y;Q;A;.;.;.;.;.;.;.;S;N;K;D;T;G;V;P;.;A;R;F;S;G;S;G;.;.;S;G;T;D;F;T;L;T;I;N;P;V;E;A;N;D;T;A;N;Y;Y;C;L;Q;S;K;N;F;P
